type,route_id,route_name,record_index,time,x,y,z,pitch,yaw,roll
record,1784680671783,Route 1,0,2026-07-22T00:38:14.277421200+00:00,-124346.773,-337116.781,16550.102,337.206635,88.915642,0
record,1784680671783,Route 1,1,2026-07-22T00:38:24.739085400+00:00,-124346.773,-337116.781,16550.102,337.206635,88.915642,0
record,1784680671783,Route 1,2,2026-07-22T00:38:35.182120100+00:00,-124346.773,-337116.781,16550.102,337.206635,88.915642,0
record,1784680671783,Route 1,3,2026-07-22T00:38:45.647812200+00:00,-124346.773,-337116.781,16550.102,337.206635,88.915642,0
record,1784680671783,Route 1,4,2026-07-22T00:53:05.606025300+00:00,-119554.328,-360158.438,15224.017,0,-108.324356,0
record,1784680671783,Route 1,5,2026-07-22T00:53:16.152591600+00:00,-122411.016,-360357.594,15447.167,354.618561,84.469742,0
record,1784680671783,Route 1,6,2026-07-22T00:53:26.690002200+00:00,-123820.586,-353962.906,16067.441,348.286835,102.19796,0
record,1784680671783,Route 1,7,2026-07-22T00:53:37.146291800+00:00,-123820.586,-353962.906,16067.441,348.286835,102.19796,0
record,1784680671783,Route 1,8,2026-07-22T00:53:47.585861500+00:00,-123820.586,-353962.906,16067.441,348.286835,102.19796,0
record,1784680671783,Route 1,9,2026-07-22T00:53:58.043507400+00:00,-123820.586,-353962.906,16067.441,348.286835,102.19796,0
record,1784680671783,Route 1,10,2026-07-22T00:54:08.483367900+00:00,-123820.586,-353962.906,16067.441,348.286835,102.19796,0
record,1784680671783,Route 1,11,2026-07-22T00:54:18.932584300+00:00,-123820.586,-353962.906,16067.441,348.286835,102.19796,0
record,1784680671783,Route 1,12,2026-07-22T00:54:29.500602900+00:00,-140679.031,-312368.125,17366.91,0.633523,98.676147,0
record,1784680671783,Route 1,13,2026-07-22T00:54:39.940619900+00:00,-140679.031,-312368.125,17366.91,0.633523,98.676147,0
record,1784680671783,Route 1,14,2026-07-22T00:54:50.406958700+00:00,-140679.031,-312368.125,17366.91,0.633523,98.676147,0
record,1784680671783,Route 1,15,2026-07-22T00:55:00.979091800+00:00,-136342.719,-290410.656,21780.512,2.849541,65.667076,0
record,1784680671783,Route 1,16,2026-07-22T00:56:50.533941300+00:00,-127163.492,-269015.625,26116.963,359.367188,113.543213,0
record,1784680671783,Route 1,17,2026-07-22T00:57:00.989005200+00:00,-127163.492,-269015.625,26116.963,359.367188,113.543213,0
record,1784680671783,Route 1,18,2026-07-22T00:57:11.539232+00:00,111584.891,-325604.312,21674.266,339.343445,108.937935,0.055107
record,1784680671783,Route 1,19,2026-07-22T00:57:21.979211800+00:00,111584.891,-325604.312,21674.266,339.343445,108.937935,0.055107
record,1784680671783,Route 1,20,2026-07-22T00:57:32.423498500+00:00,111584.891,-325604.312,21674.266,339.343445,108.937935,0.055107
record,1784680671783,Route 1,21,2026-07-22T00:57:42.915286900+00:00,111584.891,-325604.312,21674.266,339.343445,108.937935,0.055107
record,1784680671783,Route 1,22,2026-07-22T21:25:48.091638700+00:00,149674.672,-47025.938,34165.863,355.951538,82.407959,0
record,1784681913914,Route 2,0,2026-07-22T00:59:25.022907200+00:00,86901.297,-334987.219,21031.922,345.362091,253.605835,0
record,1784681913914,Route 2,1,2026-07-22T00:59:35.596335200+00:00,84876.719,-342107.281,20041.143,341.563324,218.616623,0
record,1784681913914,Route 2,2,2026-07-22T00:59:46.141494500+00:00,78220.047,-345934.031,19244.961,342.354584,264.939911,0
record,1784681913914,Route 2,3,2026-07-22T00:59:56.581285600+00:00,78220.047,-345934.031,19244.961,342.354584,264.939911,0
record,1784681913914,Route 2,4,2026-07-22T01:00:07.030930700+00:00,78220.047,-345934.031,19244.961,342.354584,264.939911,0
record,1784681913914,Route 2,5,2026-07-22T01:00:17.472476400+00:00,78220.047,-345934.031,19244.961,342.354584,264.939911,0
record,1784681913914,Route 2,6,2026-07-22T20:44:15.338477800+00:00,147667.672,-47133.805,34840.977,337.130615,281.331665,0
record,1784681913914,Route 2,7,2026-07-22T20:44:25.777957900+00:00,147667.672,-47133.805,34840.977,337.130615,281.331665,0
record,1784681913914,Route 2,8,2026-07-22T20:44:36.222888100+00:00,147667.672,-47133.805,34840.977,337.130615,281.331665,0
record,1784681913914,Route 2,9,2026-07-22T20:44:46.666024800+00:00,147667.672,-47133.805,34840.977,337.130615,281.331665,0
record,1784681913914,Route 2,10,2026-07-22T20:44:57.105994600+00:00,147667.672,-47133.805,34840.977,337.130615,281.331665,0
record,1784681913914,Route 2,11,2026-07-22T20:45:07.651658400+00:00,149134.062,-48426.055,34244.562,348.052429,167.33493,0
record,1784681913914,Route 2,12,2026-07-22T20:45:18.200957800+00:00,146826.781,-47710.688,34582.168,342.857849,327.341583,0
record,1784681913914,Route 2,13,2026-07-22T20:45:39.284180400+00:00,150055.688,-48710.047,34129.016,338.499207,37.130718,0
record,1784681913914,Route 2,14,2026-07-22T20:45:49.829695300+00:00,157474.125,-50269.062,33232.68,347.205017,324.324707,0
record,1784681913914,Route 2,15,2026-07-22T20:46:00.363499600+00:00,173615.938,-60775.16,31078.803,350.041351,281.422485,0
record,1784681913914,Route 2,16,2026-07-22T20:46:10.910574+00:00,182845.453,-55572.336,30759.176,347.204681,281.067963,0
record,1784681913914,Route 2,17,2026-07-22T20:46:21.461305100+00:00,183595.188,-70838.633,30433.748,343.836578,314.750732,0
record,1784681913914,Route 2,18,2026-07-22T20:46:32.001104300+00:00,190840.969,-81555.609,29409.285,349.863922,344.888367,0
record,1784681913914,Route 2,19,2026-07-22T20:46:42.540594+00:00,195087,-88743.844,28077.547,343.127319,279.116821,0
record,1784681913914,Route 2,20,2026-07-22T20:46:53.085301400+00:00,189496.938,-79940.797,29676.555,351.814056,53.851173,0
record,1784681913914,Route 2,21,2026-07-22T20:47:03.632533500+00:00,180147.719,-68947.711,30510.932,350.927887,90.016632,0
record,1784681913914,Route 2,22,2026-07-22T20:47:14.172877900+00:00,184395.734,-54921.941,30731.664,347.914215,90.193871,0
record,1784681913914,Route 2,23,2026-07-22T20:47:24.712162+00:00,187475.828,-50038.957,30602.332,353.410217,246.496445,0
record,1784681913914,Route 2,24,2026-07-22T20:47:35.262517500+00:00,191952.453,-61478.598,30184.039,345.964874,297.90799,0
record,1784681913914,Route 2,25,2026-07-22T20:47:45.799577800+00:00,213155.375,-60554.453,28275.438,348.801605,310.495087,0
record,1784681913914,Route 2,26,2026-07-22T20:47:56.239743+00:00,219678.031,-74892.5,29826.109,345.256226,338.860046,0
record,1784681913914,Route 2,27,2026-07-22T20:48:06.783309600+00:00,215887.203,-74586.172,29941.367,353.766113,156.968918,0
record,1784681913914,Route 2,28,2026-07-22T20:48:17.327073900+00:00,199292.062,-61141.641,29737.307,355.00705,184.801788,0
record,1784681913914,Route 2,29,2026-07-22T20:48:27.861990700+00:00,179024.078,-69380.93,30540.215,342.243134,263.160431,0
record,1784681913914,Route 2,30,2026-07-22T20:48:38.302853400+00:00,172590.922,-77531.078,31629.666,347.207153,210.861816,0
record,1784681913914,Route 2,31,2026-07-22T20:48:48.741557600+00:00,172590.922,-77531.078,31629.666,347.207153,210.861816,0
record,1784681913914,Route 2,32,2026-07-22T20:48:59.180391600+00:00,172590.922,-77531.078,31629.666,347.207153,210.861816,0
record,1784681913914,Route 2,33,2026-07-22T20:49:09.723079200+00:00,154137.234,-75539.008,33759.883,330.55954,347.368622,0
record,1784681913914,Route 2,34,2026-07-22T20:49:20.275609+00:00,171352.953,-75999.688,31817.75,342.437256,343.291412,0
record,1784681913914,Route 2,35,2026-07-22T20:49:30.822441900+00:00,190773.859,-68114.18,30125.684,344.919189,320.776489,0
record,1784681913914,Route 2,36,2026-07-22T20:49:41.367024+00:00,195845.031,-72887.227,29712.945,348.4646,57.572697,0
record,1784681913914,Route 2,37,2026-07-22T20:49:51.809449800+00:00,195152.203,-76834.453,29673.586,348.287994,244.959488,0
record,1784681913914,Route 2,38,2026-07-22T20:50:02.360579200+00:00,187490.281,-76714.211,30117.57,346.161255,81.151009,0
record,1784681913914,Route 2,39,2026-07-22T20:50:12.897308100+00:00,194615.109,-87864.562,28246.871,342.261078,280.238892,0
record,1784681913914,Route 2,40,2026-07-22T20:50:23.433016+00:00,199613.969,-108530.32,25734.416,339.070038,287.507477,0
record,1784681913914,Route 2,41,2026-07-22T20:50:33.982585200+00:00,199886.906,-109247.266,25656,349.123077,318.952606,0
record,1784681913914,Route 2,42,2026-07-22T20:50:44.530819400+00:00,199910.016,-109467.547,25646.746,339.467438,319.743683,0
record,1784681913914,Route 2,43,2026-07-22T20:50:54.970740300+00:00,201123.844,-109427.586,25812.02,346.589417,133.122299,0
record,1784681913914,Route 2,44,2026-07-22T20:51:05.507769200+00:00,199674.453,-109306.5,25726.574,1.925581,131.09613,0
record,1784681913914,Route 2,45,2026-07-22T20:51:16.053112100+00:00,197525.656,-97689.969,26790.094,356.43045,120.990913,0
record,1784681913914,Route 2,46,2026-07-22T20:51:26.590800200+00:00,190423.938,-80863.328,29510.799,353.948914,118.686096,0
record,1784681913914,Route 2,47,2026-07-22T20:54:06.018130800+00:00,150125.141,-48716.934,34203.434,7.063399,175.022598,-0.365621
record,1784681913914,Route 2,48,2026-07-22T20:54:16.457879800+00:00,150125.141,-48716.934,34203.434,7.063399,175.022598,-0.365621
record,1784681913914,Route 2,49,2026-07-22T20:54:26.896703800+00:00,152103.141,-40438.055,33606.227,345.789734,48.265968,359.634369
record,1784681913914,Route 2,50,2026-07-22T20:54:37.433459200+00:00,142912.438,-11420.645,31364.127,343.130554,50.925175,359.634369
record,1784681913914,Route 2,51,2026-07-22T20:54:47.874457100+00:00,142912.438,-11420.645,31364.127,343.130554,50.925175,359.634369
record,1784681913914,Route 2,52,2026-07-22T20:55:19.388901700+00:00,142761.391,-747.812,30470.469,352.755798,48.356209,359.477997
record,1784681913914,Route 2,53,2026-07-22T20:56:47.311898500+00:00,142761.391,-747.812,30470.469,352.755798,48.356209,359.477997
record,1784681913914,Route 2,54,2026-07-22T20:56:57.757104800+00:00,142761.391,-747.812,30470.469,352.755798,48.356209,359.477997
record,1784681913914,Route 2,55,2026-07-22T20:57:08.296981100+00:00,155231.094,48315.578,30187.555,344.656036,260.214966,4.363781
record,1784681913914,Route 2,56,2026-07-22T20:57:18.841905800+00:00,154656.281,41009.453,29971.834,343.769714,252.237259,4.363781
record,1784681913914,Route 2,57,2026-07-22T20:57:29.385988900+00:00,142625.562,17737.934,29808.559,346.7836,244.081848,4.363781
record,1784681913914,Route 2,58,2026-07-22T20:57:39.928093700+00:00,143298.5,-13188.855,31440.289,348.733643,301.166382,4.363781
record,1784681913914,Route 2,59,2026-07-22T20:57:50.476482600+00:00,152909.75,-29632.338,32668.449,352.811218,271.206055,4.363781
record,1784681913914,Route 2,60,2026-07-22T20:58:00.930248300+00:00,152909.75,-29632.338,32668.449,352.811218,271.206055,4.363781
record,1784681913914,Route 2,61,2026-07-22T20:59:14.490876200+00:00,152559.297,-42277.965,33725.211,46.350307,260.2146,4.363781
record,1784681913914,Route 2,62,2026-07-22T21:00:27.965532+00:00,150004.375,-47608.004,34123.434,55.366577,306.66864,2.800223
record,1784681913914,Route 2,63,2026-07-22T21:00:38.408891100+00:00,150004.375,-47608.004,34123.434,55.366577,306.66864,2.800223
record,1784681913914,Route 2,64,2026-07-22T21:00:48.849226500+00:00,150004.375,-47608.004,34123.434,55.366577,306.66864,2.800223
record,1784681913914,Route 2,65,2026-07-22T21:00:59.289499300+00:00,150004.375,-47608.004,34123.434,55.366577,306.66864,2.800223
record,1784681913914,Route 2,66,2026-07-22T21:01:09.729190500+00:00,150004.375,-47608.004,34123.434,55.366577,306.66864,2.800223
record,1784681913914,Route 2,67,2026-07-22T21:01:20.169824400+00:00,150004.375,-47608.004,34123.434,55.366577,306.66864,2.800223
record,1784681913914,Route 2,68,2026-07-22T21:06:09.604696700+00:00,145407.203,-15019.275,31606.992,1.314979,89.953094,4.747046
record,1784681913914,Route 2,69,2026-07-22T21:06:20.151166700+00:00,141279.484,11108.535,29985.311,2.378671,329.046753,4.747046
record,1784681913914,Route 2,70,2026-07-22T21:06:30.695185+00:00,143222.938,18424.469,29795.551,11.597336,128.009277,4.747046
record,1784681913914,Route 2,71,2026-07-22T21:06:41.236882200+00:00,158034.438,5380.641,29907.492,348.813934,353.949005,2.175195
record,1784681913914,Route 2,72,2026-07-22T21:06:51.687747100+00:00,158034.438,5380.641,29907.492,348.813934,353.949005,2.175195
record,1784681913914,Route 2,73,2026-07-22T21:07:02.137227500+00:00,158034.438,5380.641,29907.492,348.813934,353.949005,2.175195
record,1784681913914,Route 2,74,2026-07-22T21:07:54.742134400+00:00,177161.203,6607.121,29123.182,343.831055,29.576342,4.071933
record,1784681913914,Route 2,75,2026-07-22T21:08:47.232563700+00:00,176512.031,8004.051,29084.031,329.300201,226.006226,355.940735
record,1784681913914,Route 2,76,2026-07-22T21:08:57.674212200+00:00,176512.031,8004.051,29084.031,329.300201,226.006226,355.940735
record,1784681913914,Route 2,77,2026-07-22T21:09:29.303202200+00:00,171643.891,2550.496,29720.559,353.936066,241.248276,355.939362
record,1784681913914,Route 2,78,2026-07-22T21:09:39.854472300+00:00,166125.891,-26806.645,31731.477,350.922272,256.84906,355.939362
record,1784681913914,Route 2,79,2026-07-22T21:09:50.402895800+00:00,152298.312,-47017.898,33932.781,345.78125,191.077698,355.939362
record,1784681913914,Route 2,80,2026-07-22T21:10:00.843015200+00:00,152298.312,-47017.898,33932.781,345.78125,191.077698,355.939362
record,1784681913914,Route 2,81,2026-07-22T21:10:11.291982900+00:00,152298.312,-47017.898,33932.781,345.78125,191.077698,355.939362
record,1784681913914,Route 2,82,2026-07-22T21:10:21.732815300+00:00,152298.312,-47017.898,33932.781,345.78125,191.077698,355.939362
record,1784681913914,Route 2,83,2026-07-22T21:10:32.173067400+00:00,152298.312,-47017.898,33932.781,345.78125,191.077698,355.939362
record,1784681913914,Route 2,84,2026-07-22T21:10:42.612328+00:00,152298.312,-47017.898,33932.781,345.78125,191.077698,355.939362
record,1784681913914,Route 2,85,2026-07-22T21:10:53.056186700+00:00,152298.312,-47017.898,33932.781,345.78125,191.077698,355.939362
record,1784681913914,Route 2,86,2026-07-22T21:22:39.183364200+00:00,142031.891,-4326.824,30852.988,341.717041,18.266535,3.312406
record,1784681913914,Route 2,87,2026-07-22T21:22:49.624444600+00:00,143617.844,18996.672,29818.598,341.007843,315.508789,3.312406
record,1784681913914,Route 2,88,2026-07-22T21:23:00.066649500+00:00,148317.859,24940.078,29905.305,338.703247,311.78598,3.312406
record,1784681913914,Route 2,89,2026-07-22T21:23:10.507208600+00:00,151928.797,31654.219,29970.705,351.395813,70.266296,359.927856
record,1784681913914,Route 2,90,2026-07-22T21:23:21.056046+00:00,156185.609,45298.82,30053.369,347.495605,70.08902,359.927856
record,1784681913914,Route 2,91,2026-07-22T21:23:31.496153400+00:00,162547.969,46490.633,30091.064,347.318359,313.437469,359.927856
record,1784681913914,Route 2,92,2026-07-22T21:23:42.045525400+00:00,166241.219,37283.625,29934.391,342.531708,312.728546,359.927856
record,1784681913914,Route 2,93,2026-07-22T21:23:52.590972800+00:00,179303.609,36933.969,29894.402,342.354431,0.417644,359.927856
record,1784681913914,Route 2,94,2026-07-22T21:24:03.139726200+00:00,179350.656,17497.953,28142.496,347.673065,246.070847,359.927856
record,1784681913914,Route 2,95,2026-07-22T21:24:13.693685200+00:00,164182.844,-10192.629,30980.754,350.155151,242.702744,359.927856
record,1784681913914,Route 2,96,2026-07-22T21:24:24.232876500+00:00,152270.547,-40230.5,33573.973,346.609619,244.653046,359.927856
record,1784681913914,Route 2,97,2026-07-22T21:24:34.671932500+00:00,152270.547,-40230.5,33573.973,346.609619,244.653046,359.927856
record,1784681913914,Route 2,98,2026-07-22T21:25:16.740271+00:00,149674.672,-47025.938,34165.863,355.951538,82.407959,0
record,1784681913914,Route 2,99,2026-07-22T21:25:27.210939900+00:00,149674.672,-47025.938,34165.863,355.951538,82.407959,0
record,1784681913914,Route 2,100,2026-07-22T21:25:37.650867800+00:00,149674.672,-47025.938,34165.863,355.951538,82.407959,0
record,1784681913914,Route 2,101,2026-07-22T21:25:58.533207600+00:00,149674.672,-47025.938,34165.863,355.951538,82.407959,0
record,1784681913914,Route 2,102,2026-07-22T21:26:08.974073200+00:00,149674.672,-47025.938,34165.863,355.951538,82.407959,0
record,1784681913914,Route 2,103,2026-07-22T21:26:19.416474700+00:00,149701.328,-47333.332,34170.508,352.469238,269.083038,0
record,1784681913914,Route 2,104,2026-07-23T00:58:55.154955300+00:00,147798.766,-46137.664,34840.484,354.012054,336.171844,0
record,1784681913914,Route 2,105,2026-07-23T00:59:05.591986400+00:00,147798.766,-46137.664,34840.484,354.012054,336.171844,0
record,1784681913914,Route 2,106,2026-07-23T00:59:16.129742800+00:00,147288.234,-47671.297,34467.004,343.406372,197.511887,0
record,1784681913914,Route 2,107,2026-07-23T00:59:26.673773400+00:00,146893.828,-48513.836,34491.238,344.671478,10.678598,0
record,1784681913914,Route 2,108,2026-07-23T01:01:11.468354700+00:00,147793.281,-47366.258,34776.875,346.370453,79.102898,0
record,1784830782255,test,0,2026-07-23T18:20:09.271266600+00:00,161072.891,-53129.289,32800.281,-11.872955,-71.65509,0
record,1784830782255,test,1,2026-07-23T18:21:01.009533600+00:00,144498,-47731.488,34580.609,352.708618,168.215286,0
record,1784830782255,test,2,2026-07-23T18:21:11.360892500+00:00,148852.859,-44751.66,34249.742,347.642975,335.104309,0
record,1784830782255,test,3,2026-07-23T18:21:21.711062900+00:00,148723.531,-45248.082,34268.82,342.89386,256.909607,0
record,1784830782255,test,4,2026-07-23T18:21:32.060806700+00:00,149307.875,-48654.203,34217.883,350.966156,207.207565,0
record,1784830782255,test,5,2026-07-23T18:21:42.410600600+00:00,146488.312,-47899.828,34519.586,323.898682,130.700638,0
record,1784830782255,test,6,2026-07-23T18:21:52.758575200+00:00,146507.953,-47842.602,34612.812,328.014191,91.128754,0
record,1784830782255,test,7,2026-07-23T18:22:03.108258400+00:00,148737.594,-48818.016,34387.918,343.792236,2.664901,0
record,1784830782255,test,8,2026-07-23T18:22:13.458268600+00:00,149815.078,-48588.781,34146.324,321.447021,332.281952,0
record,1784830782255,test,9,2026-07-23T18:22:23.807541500+00:00,152150.328,-44142.668,33899.887,350.673645,72.82618,0
record,1784830782255,test,10,2026-07-23T18:22:34.156831200+00:00,164136.062,-15493.252,31328.043,350.850922,64.671204,0
record,1784830782255,test,11,2026-07-23T18:22:44.505847800+00:00,177754.406,13220.258,28509.283,344.823517,61.657425,0
record,1784830782255,test,12,2026-07-23T18:22:54.854450+00:00,181400.281,36766.328,29830.881,347.660004,176.713394,0
record,1784830782255,test,13,2026-07-23T18:23:05.202804800+00:00,167483.891,36302.273,29930.814,345.887238,178.663742,0
record,1784830782255,test,14,2026-07-23T18:23:15.550685+00:00,156709.75,37952.656,29995.016,349.787567,165.899551,0
record,1784830782255,test,15,2026-07-23T18:23:25.899504900+00:00,152876.484,37944.992,29806.771,345.178253,231.670685,0
record,1784830782255,test,16,2026-07-23T18:23:36.249191600+00:00,152699.531,37073.234,29852.576,337.377869,318.006989,0
record,1784830782255,test,17,2026-07-23T18:23:46.596845200+00:00,152764.438,36997.703,29815.449,312.767395,9.721283,0
record,1784830782255,test,18,2026-07-23T18:23:56.947136500+00:00,152706.359,36970.688,29871.9,292.3479,24.283566,0
record,1784830782255,test,19,2026-07-23T18:24:07.296692300+00:00,152727.922,37009.164,29812.818,330.011475,203.042694,0
record,1784830782255,test,20,2026-07-23T18:24:17.648246600+00:00,152662.641,37187.359,29743.52,344.890289,46.917393,0
record,1784830782255,test,21,2026-07-23T18:24:27.997319100+00:00,153031.953,38800.992,29893.852,330.653473,67.072128,0
record,1784830782255,test,22,2026-07-23T18:24:38.346676+00:00,153356.562,39167.594,29782.445,343.468903,43.811634,0
record,1784830782255,test,23,2026-07-23T18:24:48.696880400+00:00,153202.312,39241.406,29762.613,341.569183,7.722109,0
record,1784830782255,test,24,2026-07-23T18:24:59.044650600+00:00,153417.797,39183.203,29877.748,300.571991,74.36084,0
record,1784830782255,test,25,2026-07-23T18:25:09.393347700+00:00,153458.531,38987.523,29822.531,344.25943,243.465988,0
record,1784830782255,test,26,2026-07-23T18:25:19.741896800+00:00,153348.281,39167.117,29777.449,326.055756,48.614014,0
record,1784830782255,test,27,2026-07-23T18:25:30.091784900+00:00,153178.125,38692.422,29838.342,317.685699,242.507126,0
record,1784830782255,test,28,2026-07-23T18:25:40.440549200+00:00,153154.156,38849.367,29849.922,339.482697,254.147995,0
record,1784830782255,test,29,2026-07-23T18:25:50.790692+00:00,152992.625,38325.383,29825.658,340.546417,247.7659,0
record,1784830782255,test,30,2026-07-23T18:26:01.140999200+00:00,153088.672,39522.477,29973.984,307.322296,61.619896,0
record,1784830782255,test,31,2026-07-23T18:26:11.489485800+00:00,155059.391,41202.531,29971.535,345.615295,261.179718,0
record,1784830782255,test,32,2026-07-23T18:26:21.838701200+00:00,151049.188,27188.547,29963.033,346.324554,228.028107,0
record,1784830782255,test,33,2026-07-23T18:26:32.188113100+00:00,140988.656,10969.617,29986.203,348.629456,83.602913,0
record,1784830782255,test,34,2026-07-23T18:26:42.536982500+00:00,142610.312,-10325.809,31301.365,338.878754,288.303314,0
record,1784830782255,test,35,2026-07-23T18:26:52.886617400+00:00,154698.375,-33424.438,32955.477,353.415741,284.402863,0
record,1784830782255,test,36,2026-07-23T18:27:03.236328800+00:00,167097.594,-60720.617,32068.158,344.019806,315.249634,0
record,1784830782255,test,37,2026-07-23T18:27:13.585420300+00:00,196037.094,-61549.805,30024.318,347.742615,2.938411,0
record,1784830782255,test,38,2026-07-23T18:27:23.934524300+00:00,221151.094,-63003.117,28462.066,341.714874,0.811157,0
record,1784830782255,test,39,2026-07-23T18:27:34.283116300+00:00,232920.562,-47532.859,26163.211,340.473938,39.10405,0
record,1784830782255,test,40,2026-07-23T18:27:44.632385500+00:00,238901.656,-36895.223,25104.109,343.487793,13.043596,0
record,1784830782255,test,41,2026-07-23T18:27:54.980248+00:00,238037.328,-38078.906,25100.875,326.148071,242.508102,0
record,1784830782255,test,42,2026-07-23T18:28:05.329587600+00:00,238564.812,-37286.59,25056.824,348.308411,48.551651,0
record,1784830782255,test,43,2026-07-23T18:28:15.680259800+00:00,239366.375,-37133.02,24995.434,345.30069,357.266541,0
record,1784830782255,test,44,2026-07-23T18:28:26.029393600+00:00,239341.469,-37019.391,24997.391,338.494171,331.940308,0
record,1784830782255,test,45,2026-07-23T18:28:36.379396700+00:00,239341.469,-37019.391,24997.391,338.494171,331.940308,0
record,1784830782255,test,46,2026-07-23T18:28:46.728591500+00:00,239277.328,-37124.742,25002.844,337.860809,339.696472,0
record,1784830782255,test,47,2026-07-23T18:28:57.078303800+00:00,239465,-37167.266,24987.402,334.536163,100.207703,0
record,1784830782255,test,48,2026-07-23T18:29:07.427917200+00:00,241380.531,-39489.922,24859.811,343.558624,260.290527,0
record,1784830782255,test,49,2026-07-23T18:29:17.778160100+00:00,241582.859,-40098.973,24859.811,317.28241,301.128448,0
record,1784830782255,test,50,2026-07-23T18:29:28.126505400+00:00,241508.5,-38889.816,24859.811,305.726959,359.85321,0
record,1784830782255,test,51,2026-07-23T18:29:38.475432500+00:00,243491.156,-36049.297,24696.766,340.866547,86.27813,0
record,1784830782255,test,52,2026-07-23T18:29:48.824903800+00:00,243719.688,-35074.867,24709.684,340.866364,255.645905,0
record,1784830782255,test,53,2026-07-23T18:29:59.174142400+00:00,240698.125,-37100.965,24872.758,339.59967,309.463562,0
record,1784830782255,test,54,2026-07-23T18:30:09.523273900+00:00,238732.062,-37002.234,25041.209,333.584747,10.354429,0
record,1784830782255,test,55,2026-07-23T18:30:19.872888900+00:00,238754.859,-37017.859,25039.996,332.951569,354.842255,0
record,1784830782255,test,56,2026-07-23T18:30:30.222326700+00:00,238903.719,-36960.945,25030.486,327.72821,57.207729,0
record,1784830782255,test,57,2026-07-23T18:30:40.570536800+00:00,238094.625,-37850.988,25199.457,346.174805,229.222488,0
record,1784830782255,test,58,2026-07-23T18:30:50.919009800+00:00,226701.031,-53882.895,27168.104,353.798065,237.199951,0
record,1784830782255,test,59,2026-07-23T18:31:01.267613400+00:00,209658.578,-59219.461,28629.797,356.102661,180.824524,0
record,1784830782255,test,60,2026-07-23T18:31:11.616235+00:00,185664.766,-62036.312,30620.967,351.670746,179.583725,0
record,1784830782255,test,61,2026-07-23T18:31:21.966984800+00:00,160840.984,-51069.133,32991.277,351.670746,137.922394,0
record,1784830782255,test,62,2026-07-23T18:31:32.318059900+00:00,150503.125,-48595.258,34153.211,343.693298,180.292694,0
record,1784830782255,test,63,2026-07-23T18:31:42.666623700+00:00,149615.156,-48538.43,34175.922,339.804199,195.114868,0
record,1784830782255,test,64,2026-07-23T18:31:53.015981100+00:00,150171.266,-48592.48,34197.25,327.140564,275.524261,0
record,1784830782255,test,65,2026-07-23T18:32:03.365804600+00:00,147388.062,-47848.887,34445.184,349.376373,34.421993,0
record,1784830782255,test,66,2026-07-23T18:32:13.714654500+00:00,146921.203,-47113.965,34540.484,321.974976,199.438354,0
record,1784830782255,test,67,2026-07-23T18:32:24.063567400+00:00,147263.203,-47787.695,34453.43,317.067505,298.051422,0
record,1784830782255,test,68,2026-07-23T18:32:34.413185200+00:00,146906.766,-47101.145,34540.484,315.009125,203.87265,0
record,1784830782255,test,69,2026-07-23T18:32:44.763220900+00:00,146906.766,-47101.145,34540.484,314.85083,213.211609,0
record,1784830782255,test,70,2026-07-23T18:32:55.111733900+00:00,147263.031,-47784.797,34453.711,314.53421,277.317688,0
record,1784830782255,test,71,2026-07-23T18:33:05.459859400+00:00,147378.125,-47776.582,34444.281,323.714935,173.639694,0
record,1784830782255,test,72,2026-07-23T18:33:15.809208800+00:00,146971.125,-50304.605,34427.699,338.435577,249.459274,0
record,1784830782255,test,73,2026-07-23T18:33:26.158963600+00:00,147029.812,-50631.867,34412.434,336.536011,198.965469,0
record,1784830782255,test,74,2026-07-23T18:33:36.507702400+00:00,144794.109,-45849.75,34958.102,341.758759,176.330551,0
record,1784830782255,test,75,2026-07-23T18:33:46.857487400+00:00,144794.203,-45849.805,34958.102,341.600464,177.121994,0
record,1784830782255,test,76,2026-07-23T18:33:57.207670400+00:00,144794.203,-45849.805,34958.102,341.600464,177.121994,0
record,1784830782255,test,77,2026-07-23T18:34:07.556081+00:00,144794.203,-45849.805,34958.102,341.600464,177.121994,0
record,1784830782255,test,78,2026-07-23T18:34:17.905571200+00:00,144794.203,-45849.805,34958.102,341.600464,177.121994,0
record,1784830782255,test,79,2026-07-23T18:34:28.255137+00:00,145154.672,-46074.211,34958.102,334.635681,309.608612,0
record,1784830782255,test,80,2026-07-23T18:34:38.604457+00:00,147370.156,-47811.199,34445.617,330.994415,256.740906,0
record,1784830782255,test,81,2026-07-23T18:34:48.954524600+00:00,147837.219,-48226.602,34512.371,341.093323,357.966095,0
record,1784830782255,test,82,2026-07-23T18:34:59.303148900+00:00,149751.75,-48762.301,34148.285,322.634583,16.83918,0
record,1784830782255,test,83,2026-07-23T18:35:09.653014400+00:00,151970.359,-48715.059,33976.469,349.644379,328.972961,0
record,1784830782255,test,84,2026-07-23T18:35:20.003441800+00:00,175783.266,-66182.75,30674.566,346.985199,323.654572,0
record,1784830782255,test,85,2026-07-23T18:35:30.353100500+00:00,195269.719,-90034.391,27871.289,340.425964,295.112274,0
record,1784830782255,test,86,2026-07-23T18:35:40.702043400+00:00,206635.766,-118667.484,24993.746,342.907959,311.776154,0
record,1784830782255,test,87,2026-07-23T18:35:51.053227100+00:00,229904.312,-139075.156,22205.053,339.185028,320.994629,0
record,1784830782255,test,88,2026-07-23T18:36:01.402024100+00:00,255713.75,-156576.625,18675.125,344.32605,324.894714,0
record,1784830782255,test,89,2026-07-23T18:36:11.753283100+00:00,274262.188,-160942.031,16407.006,352.303741,324.185669,0
record,1784830782255,test,90,2026-07-23T18:36:22.103011200+00:00,293591.75,-163692.562,14567.508,350.176605,290.324524,0
record,1784830782255,test,91,2026-07-23T18:36:32.453904500+00:00,293686.062,-168791.25,14404.693,350.353912,244.763123,0
record,1784830782255,test,92,2026-07-23T18:36:42.803124600+00:00,295107.75,-178774.344,14434.121,342.021881,342.977173,0
record,1784830782255,test,93,2026-07-23T18:36:53.153398500+00:00,295107.75,-178774.344,14434.121,342.021881,342.977173,0
record,1784830782255,test,94,2026-07-23T18:37:03.504152900+00:00,297116.312,-185251.25,14333.533,342.622498,178.254211,0
record,1784830782255,test,95,2026-07-23T18:37:13.854146+00:00,296552.344,-185446.953,14341.855,346.579529,66.344887,0
record,1784830782255,test,96,2026-07-23T18:37:24.204424700+00:00,296018.719,-185378.391,14341.855,332.175323,181.894714,0
record,1784830782255,test,97,2026-07-23T18:37:34.553381+00:00,295686.156,-185125.031,14331.058,7.157028,176.933655,0
record,1784830782255,test,98,2026-07-23T18:37:44.902741+00:00,296034.812,-184950.203,14341.854,325.685608,64.866051,0
record,1784830782255,test,99,2026-07-23T18:37:55.252516300+00:00,295921.156,-185364.906,14341.854,349.561005,32.366398,0
record,1784830782255,test,100,2026-07-23T18:38:05.602950800+00:00,295986.375,-184929.422,14341.854,350.893585,28.758011,0
record,1784830782255,test,101,2026-07-23T18:38:15.952939600+00:00,295470.125,-185251.906,14341.854,348.515991,359.175201,0
record,1784830782255,test,102,2026-07-23T18:38:26.302252+00:00,295434.469,-185246.031,14341.854,354.231537,1.481393,0
record,1784830782255,test,103,2026-07-23T18:38:36.650552800+00:00,295434.469,-185246.031,14341.854,346.785767,355.554993,0
record,1784830782255,test,104,2026-07-23T18:38:47.000491900+00:00,296100.406,-185630.031,14353.065,344.416351,254.988464,0
record,1784830782255,test,105,2026-07-23T18:38:57.350410400+00:00,296202.375,-184938.656,14654.682,326.846161,17.957914,0
record,1784830782255,test,106,2026-07-23T18:39:07.700967800+00:00,296727.344,-184746.625,14664.884,294.022644,11.844419,0
record,1784830782255,test,107,2026-07-23T18:39:18.050869700+00:00,296805.562,-184725.125,14669.214,294.109985,267.112183,0
record,1784830782255,test,108,2026-07-23T18:39:28.399955700+00:00,296771.812,-185227.062,14343.282,336.782501,195.206406,0
record,1784830782255,test,109,2026-07-23T18:39:38.752254400+00:00,296698.312,-185103.875,14311.855,341.847748,277.57016,0
record,1784830782255,test,110,2026-07-23T18:39:49.102839400+00:00,295773.5,-185822.844,14436.623,336.383179,98.971794,0
record,1784830782255,test,111,2026-07-23T18:39:59.453343900+00:00,296030.719,-185462.453,14652.146,358.385223,357.138824,0
record,1784830782255,test,112,2026-07-23T18:40:09.802413900+00:00,295524.375,-185401.109,14587.931,353.63031,333.868164,0
record,1784830782255,test,113,2026-07-23T18:40:20.152430600+00:00,295493.281,-185193.859,14583.623,349.534149,339.282654,0
record,1784830782255,test,114,2026-07-23T18:40:30.501840+00:00,295461.406,-185177.484,14580.745,351.993347,341.101257,0
record,1784830782255,test,115,2026-07-23T18:40:40.850200400+00:00,295702.75,-185232.406,14341.854,336.798035,311.185181,0
record,1784830782255,test,116,2026-07-23T18:40:51.199165200+00:00,295639.375,-185348.375,14399.002,327.950287,93.006638,0
record,1784830782255,test,117,2026-07-23T18:41:01.548316+00:00,295627.062,-185259.391,14341.854,348.51651,345.212494,0
record,1784830782255,test,118,2026-07-23T18:41:11.897701800+00:00,295772.219,-185273.438,14311.854,336.011841,321.026123,0
record,1784830782255,test,119,2026-07-23T18:41:22.249731400+00:00,295437.156,-185215.297,14341.854,330.353577,334.14325,0
record,1784830782255,test,120,2026-07-23T18:41:32.600289200+00:00,295475.531,-185222.094,14311.854,349.348328,342.690765,0
record,1784830782255,test,121,2026-07-23T18:41:42.949545200+00:00,295657.125,-185265.609,14341.855,350.156281,331.318115,0
record,1784830782255,test,122,2026-07-23T18:41:53.300657700+00:00,295542.438,-185255.141,14341.854,346.38266,347.868561,0
record,1784830782255,test,123,2026-07-23T18:42:03.713431200+00:00,295542.438,-185255.141,14341.854,346.38266,347.868561,0
record,1784830782255,test,124,2026-07-23T18:42:14.065820100+00:00,295446.688,-185256.141,14341.854,338.389618,1.804799,0
record,1784830782255,test,125,2026-07-23T18:42:24.417403600+00:00,295515.406,-185253.828,14341.854,338.231201,341.227051,0
record,1784830782255,test,126,2026-07-23T18:42:34.767046600+00:00,295437.094,-185215.25,14341.854,347.886536,335.528748,0
record,1784830782255,test,127,2026-07-23T18:42:45.116451300+00:00,295447.75,-185256.734,14341.854,354.044861,352.588623,0
record,1784830782255,test,128,2026-07-23T18:42:55.467783400+00:00,295489.344,-185240.109,14341.854,314.828583,324.953735,0
record,1784830782255,test,129,2026-07-23T18:43:05.818079300+00:00,295489.344,-185240.109,14311.854,326.700226,328.436188,0
record,1784830782255,test,130,2026-07-23T18:43:16.168657+00:00,295489.344,-185240.109,14311.854,326.700226,328.436188,0
record,1784830782255,test,131,2026-07-23T18:43:26.518178900+00:00,295489.344,-185240.109,14311.854,326.700226,328.436188,0
record,1784830782255,test,132,2026-07-23T18:43:36.868808900+00:00,295489.344,-185240.109,14311.854,326.700226,328.436188,0
record,1784830782255,test,133,2026-07-23T18:43:47.220525200+00:00,295489.344,-185240.109,14311.854,326.700226,328.436188,0
record,1784830782255,test,134,2026-07-23T18:43:57.569593800+00:00,295515.688,-185261.734,14311.854,334.139709,299.786224,0
record,1784830782255,test,135,2026-07-23T18:44:07.919731700+00:00,295498.531,-185296.109,14312.255,355.982208,357.491577,0
record,1784830782255,test,136,2026-07-23T18:44:18.269803800+00:00,295497.812,-185271.781,14311.854,342.846405,3.031877,0
record,1784830782255,test,137,2026-07-23T18:44:28.620595400+00:00,295446,-185255.375,14311.854,341.26355,11.57931,0
record,1784830782255,test,138,2026-07-23T18:44:38.969823500+00:00,295606.75,-185213.125,14311.854,317.867462,170.948715,0
record,1784830782255,test,139,2026-07-23T18:44:49.319570+00:00,295442.75,-185246.031,14311.854,324.673798,355.195618,0
record,1784830782255,test,140,2026-07-23T18:44:59.671477+00:00,295820.875,-185396.703,14316.95,348.258545,19.255411,0
record,1784830782255,test,141,2026-07-23T18:45:10.023357700+00:00,297085.031,-185310.719,14331.065,318.02533,188.835464,0
record,1784830782255,test,142,2026-07-23T18:45:20.374511900+00:00,296533.312,-185293.141,14341.855,345.412689,169.980423,0
record,1784830782255,test,143,2026-07-23T18:45:30.727725800+00:00,295465.688,-185244.625,14341.855,333.699432,345.83786,0
record,1784830782255,test,144,2026-07-23T18:45:41.078926200+00:00,295987.156,-185385.766,14341.855,338.870728,20.396416,0
record,1784830782255,test,145,2026-07-23T18:45:51.427423100+00:00,295918.406,-185306.484,14341.855,323.357819,157.315201,0
record,1784830782255,test,146,2026-07-23T18:46:01.776787200+00:00,295457,-185269.531,14341.854,329.847198,314.548889,0
record,1784830782255,test,147,2026-07-23T18:46:12.125470200+00:00,295460.906,-185287.266,14342.183,344.755798,357.309113,0
record,1784830782255,test,148,2026-07-23T18:46:22.477136+00:00,295438.688,-185196.516,14341.854,324.258698,327.127533,0
record,1784830782255,test,149,2026-07-23T18:46:32.826668900+00:00,295455.531,-185266.125,14341.854,341.200165,346.301025,0
record,1784830782255,test,150,2026-07-23T18:46:43.176240300+00:00,295461.656,-185392.391,14342.255,321.5867,297.679352,0
record,1784830782255,test,151,2026-07-23T18:46:53.525712300+00:00,295463.344,-185284.688,14342.14,356.349854,357.184021,0
record,1784830782255,test,152,2026-07-23T18:47:03.875310700+00:00,295474,-185262.781,14341.854,335.7052,353.593384,0
record,1784830782255,test,153,2026-07-23T18:47:14.223870900+00:00,295507.812,-185301.938,14342.246,341.33371,359.977325,0
record,1784830782255,test,154,2026-07-23T18:47:24.574269300+00:00,295454.812,-185252.375,14341.854,294.480408,341.141388,0
record,1784830782255,test,155,2026-07-23T18:47:34.926004600+00:00,295459.969,-185268,14341.854,348.030609,357.786835,0
record,1784830782255,test,156,2026-07-23T18:47:45.277572300+00:00,295460.312,-185286.156,14342.235,341.420441,335.953461,0
record,1784830782255,test,157,2026-07-23T18:47:55.627605600+00:00,295472.844,-185286.781,14342.142,342.503082,10.276629,0
record,1784830782255,test,158,2026-07-23T18:48:05.978785800+00:00,295441.156,-185409.906,14342.142,326.357819,50.639935,0
record,1784830782255,test,159,2026-07-23T18:48:16.330578900+00:00,295468.25,-185308.328,14342.255,342.186554,1.887478,0
record,1784830782255,test,160,2026-07-23T18:48:26.681346500+00:00,295467.562,-185301.688,14342.255,344.877411,4.261646,0
record,1784830782255,test,161,2026-07-23T18:48:37.032683+00:00,295506.031,-185275.484,14341.854,344.307648,356.220642,0
record,1784830782255,test,162,2026-07-23T18:48:47.384350300+00:00,295497.375,-185274.328,14341.854,347.326263,2.196619,0
record,1784830782255,test,163,2026-07-23T18:48:57.735146100+00:00,295597.812,-185264.656,14341.854,325.343628,347.312225,0
record,1784830782255,test,164,2026-07-23T18:49:08.087844300+00:00,295491.375,-185281.656,14341.854,329.413208,338.819031,0
record,1784830782255,test,165,2026-07-23T18:49:18.439392100+00:00,295553.594,-185216.141,14341.854,341.19754,353.980713,0
record,1784830782255,test,166,2026-07-23T18:49:28.789647300+00:00,295597.688,-185264.594,14341.854,343.310913,346.185516,0
record,1784830782255,test,167,2026-07-23T18:49:39.141710+00:00,295515.469,-185266.422,14341.854,354.454163,352.516907,0
record,1784830782255,test,168,2026-07-23T18:49:49.494105600+00:00,295461.844,-185287.641,14342.255,331.192108,353.127563,0
record,1784830782255,test,169,2026-07-23T18:49:59.846354200+00:00,295487.219,-185277.297,14341.854,356.813202,354.867188,0
record,1784830782255,test,170,2026-07-23T18:50:10.196941900+00:00,295454.875,-185200.141,14341.854,322.534027,345.215424,0
record,1784830782255,test,171,2026-07-23T18:50:20.547509600+00:00,295438.688,-185196.703,14341.854,317.531921,312.428894,0
record,1784830782255,test,172,2026-07-23T18:50:30.898465600+00:00,295438.688,-185196.703,14341.854,341.908203,333.639496,0
record,1784830782255,test,173,2026-07-23T18:50:41.248326800+00:00,295444.562,-185200.562,14341.854,308.196869,349.757355,0
record,1784830782255,test,174,2026-07-23T18:50:51.599734400+00:00,295463.875,-185218.719,14341.854,307.759491,326.823242,0
record,1784830782255,test,175,2026-07-23T18:51:01.951222500+00:00,295459.562,-185198.719,14341.854,315.549286,275.57959,0
record,1784830782255,test,176,2026-07-23T18:51:12.301725800+00:00,295436.688,-185250.516,14341.854,350.44986,347.382385,0
record,1784830782255,test,177,2026-07-23T18:51:22.653270100+00:00,295453.156,-185197.812,14341.854,325.058746,326.963348,0
record,1784830782255,test,178,2026-07-23T18:51:33.004455600+00:00,295451.75,-185207.891,14341.854,353.544647,327.997284,0
record,1784830782255,test,179,2026-07-23T18:51:43.355385800+00:00,295452.031,-185218.672,14341.854,294.287933,306.210266,0
record,1784830782255,test,180,2026-07-23T18:51:53.704026800+00:00,295557.031,-185238.359,14341.854,2.197697,324.382172,0
record,1784830782255,test,181,2026-07-23T18:52:04.053766600+00:00,295495.375,-185238.578,14341.854,1.589628,335.322906,0
record,1784830782255,test,182,2026-07-23T18:52:14.406472+00:00,295438.719,-185196.547,14341.854,322.690491,293.159485,0
record,1784830782255,test,183,2026-07-23T18:52:24.757197100+00:00,295438.656,-185196.469,14341.854,322.532135,337.163391,0
record,1784830782255,test,184,2026-07-23T18:52:35.107338+00:00,295438.656,-185196.469,14341.854,338.835815,341.278656,0
record,1784830782255,test,185,2026-07-23T18:52:45.455875400+00:00,295481.094,-185415.281,14342.254,313.509918,275.430695,0
record,1784830782255,test,186,2026-07-23T18:52:55.806261800+00:00,295407.969,-185541.469,14342.255,280.269806,27.814781,0
record,1784830782255,test,187,2026-07-23T18:53:06.156547100+00:00,295456.469,-185198.375,14341.854,341.808319,340.77829,0
record,1784830782255,test,188,2026-07-23T18:53:16.507378100+00:00,295452.344,-185261.953,14341.854,334.526703,344.261047,0
record,1784830782255,test,189,2026-07-23T18:53:26.857242600+00:00,295443.312,-185254.031,14341.854,346.398407,347.426727,0
record,1784830782255,test,190,2026-07-23T18:53:37.206915+00:00,295547.719,-185222.906,14341.854,340.541718,337.771179,0
record,1784830782255,test,191,2026-07-23T18:53:47.557824100+00:00,295558.906,-185261.031,14341.854,333.102417,338.562866,0
record,1784830782255,test,192,2026-07-23T18:53:57.908050900+00:00,295690.188,-185219.422,14341.854,312.208771,293.292877,0
record,1784830782255,test,193,2026-07-23T18:54:08.260811900+00:00,295623.719,-184981.984,14301.058,322.180511,218.739502,0
record,1784830782255,test,194,2026-07-23T18:54:18.611515700+00:00,295578.562,-185228.672,14341.854,311.891296,209.875351,0
record,1784830782255,test,195,2026-07-23T18:54:28.962109+00:00,296767.562,-185253.188,14343.569,339.116913,4.205863,0
record,1784830782255,test,196,2026-07-23T18:54:39.312453500+00:00,296489.281,-185357.609,14341.855,335.023041,176.576736,0
record,1784830782255,test,197,2026-07-23T18:54:49.664010400+00:00,295839.969,-185259.75,14311.855,329.007996,214.723953,0
record,1784830782255,test,198,2026-07-23T18:55:00.015908200+00:00,295973.125,-185023.984,14311.856,336.447601,57.386154,0
record,1784830782255,test,199,2026-07-23T18:55:10.368939+00:00,297784.062,-184640.812,14332.144,348.477356,1.668801,0
record,1784830782255,test,200,2026-07-23T18:55:20.720427200+00:00,303196.812,-186172.844,14324.092,333.598358,51.687809,0
record,1784830782255,test,201,2026-07-23T18:55:31.071509500+00:00,299756.812,-185169.391,14324.15,348.793854,129.090195,0
record,1784830782255,test,202,2026-07-23T18:55:41.423199600+00:00,297807.281,-182773.391,14310.16,349.268524,137.796066,0
record,1784830782255,test,203,2026-07-23T18:55:51.774834800+00:00,297503.094,-180528,14315.422,354.175232,146.343658,0
record,1784830782255,test,204,2026-07-23T18:56:02.125611600+00:00,296788.094,-181191.375,14355.744,344.835999,173.727249,0
record,1784830782255,test,205,2026-07-23T18:56:12.476895900+00:00,293476.375,-179798.5,14625.238,307.004974,269.332947,0
record,1784830782255,test,206,2026-07-23T18:56:22.828589900+00:00,293317.656,-179780.359,14596.391,350.217438,87.619041,0
record,1784830782255,test,207,2026-07-23T18:56:33.178548200+00:00,293768.906,-179568.141,14646.851,298.231506,24.764751,0
record,1784830782255,test,208,2026-07-23T18:56:43.528682800+00:00,293768.906,-179568.141,14646.851,298.231506,24.764751,0
record,1784830782255,test,209,2026-07-23T18:56:53.879004300+00:00,292216.562,-182364.234,14336.141,305.252502,322.966766,0
record,1784830782255,test,210,2026-07-23T18:57:04.230809300+00:00,291293.688,-182517.25,14306.231,353.10434,175.918762,0
record,1784830782255,test,211,2026-07-23T18:57:14.583362100+00:00,293056.312,-180261.594,14411.842,341.232635,16.206951,0
record,1784830782255,test,212,2026-07-23T18:57:24.936186800+00:00,294325.312,-180186.031,14625.11,327.461456,92.659889,0
record,1784830782255,test,213,2026-07-23T18:57:35.289020+00:00,294325.312,-180186.031,14625.11,327.461456,92.659889,0
record,1784830782255,test,214,2026-07-23T18:57:45.639819900+00:00,294325.312,-180186.031,14625.11,327.461456,92.659889,0
record,1784830782255,test,215,2026-07-23T18:57:55.990519+00:00,294325.312,-180186.031,14625.11,327.461456,92.659889,0
record,1784830782255,test,216,2026-07-23T18:58:06.341447900+00:00,294325.312,-180186.031,14625.11,327.461456,92.659889,0
record,1784830782255,test,217,2026-07-23T18:58:16.692273800+00:00,294325.312,-180186.031,14625.11,327.461456,92.659889,0
record,1784830782255,test,218,2026-07-23T18:58:27.044850200+00:00,293665.094,-179947.922,14618.863,338.541687,118.777336,0
record,1784830782255,test,219,2026-07-23T18:58:37.395367700+00:00,293665.094,-179947.922,14618.863,338.541687,118.777336,0
record,1784830782255,test,220,2026-07-23T18:58:47.746984600+00:00,293484.594,-179736.719,14633.509,336.142761,127.718643,0
record,1784830782255,test,221,2026-07-23T18:58:58.098688600+00:00,294266.156,-180079.266,14630.729,336.142456,271.022888,0
record,1784830782255,test,222,2026-07-23T18:59:08.449612600+00:00,293640.344,-179635.141,14639.104,355.275635,132.404907,0
record,1784830782255,test,223,2026-07-23T18:59:18.799556800+00:00,293861.125,-179777.406,14635.236,339.78476,255.324066,0
record,1784830782255,test,224,2026-07-23T18:59:29.149948900+00:00,294274.281,-180664.594,14576.528,345.482758,273.685364,0
record,1784830782255,test,225,2026-07-23T18:59:39.500067800+00:00,294274.281,-180664.594,14576.528,338.676453,226.35733,0
record,1784830782255,test,226,2026-07-23T18:59:49.850326800+00:00,294274.281,-180664.594,14576.528,338.676453,226.35733,0
record,1784830782255,test,227,2026-07-23T19:00:00.202450+00:00,294007.906,-180941.938,14546.528,336.426331,219.731674,0
record,1784830782255,test,228,2026-07-23T19:00:10.553413400+00:00,294007.906,-180941.938,14546.528,345.923645,160.373886,0
record,1784830782255,test,229,2026-07-23T19:00:20.903232+00:00,294012.812,-180944.219,14546.528,343.865906,97.533737,0
record,1784830782255,test,230,2026-07-23T19:00:31.257217800+00:00,294012.812,-180944.219,14546.528,344.973969,201.266174,0
record,1784830782255,test,231,2026-07-23T19:00:41.609539700+00:00,294012.812,-180944.219,14546.528,340.54184,78.909904,0
record,1784830782255,test,232,2026-07-23T19:00:51.962183900+00:00,294012.812,-180944.219,14546.528,341.649841,46.302681,0
record,1784830782255,test,233,2026-07-23T19:01:02.314937700+00:00,294012.812,-180944.219,14546.528,341.649841,46.302681,0
record,1784830782255,test,234,2026-07-23T19:01:12.666086+00:00,294012.812,-180944.219,14546.528,332.627716,285.371002,0
record,1784830782255,test,235,2026-07-23T19:01:23.019621700+00:00,294085.188,-180867.25,14564.535,317.719971,17.751085,0
record,1784830782255,test,236,2026-07-23T19:01:33.369661800+00:00,294225.844,-179689.141,14655.731,342.747162,149.26387,0
record,1784830782255,test,237,2026-07-23T19:01:43.719225+00:00,294225.844,-179689.141,14655.731,319.827057,141.539627,0
record,1784830782255,test,238,2026-07-23T19:01:54.071904700+00:00,294469.125,-180002.375,14641.029,342.12851,187.16806,0
record,1784830782255,test,239,2026-07-23T19:02:04.422810700+00:00,294478.312,-180297.453,14621.573,350.403931,287.725586,0
record,1784830782255,test,240,2026-07-23T19:02:14.772723400+00:00,294356.406,-180373.016,14613.426,335.964996,182.433533,0
record,1784830782255,test,241,2026-07-23T19:02:25.123058500+00:00,293794.75,-179842.422,14629.207,337.306366,141.548904,0
record,1784830782255,test,242,2026-07-23T19:02:35.473799900+00:00,294370.531,-180023.281,14637.122,332.359802,250.059647,0
record,1784830782255,test,243,2026-07-23T19:02:45.826779300+00:00,294334.375,-179975.75,14639.372,310.832794,290.210693,0
record,1784830782255,test,244,2026-07-23T19:02:56.178461800+00:00,294444.938,-180787.828,14336.141,340.432281,280.238647,0
record,1784830782255,test,245,2026-07-23T19:03:06.531605800+00:00,293430.406,-182182.297,14336.141,358.501129,158.979797,0
record,1784830782255,test,246,2026-07-23T19:03:16.884583700+00:00,293476.781,-181862.266,14576.485,320.723907,101.733482,0
record,1784830782255,test,247,2026-07-23T19:03:27.235414800+00:00,293478.812,-181861.641,14576.485,316.849243,176.291473,0
record,1784830782255,test,248,2026-07-23T19:03:37.587470300+00:00,293511.656,-181748.656,14576.485,310.052826,80.057861,0
record,1784830782255,test,249,2026-07-23T19:03:47.938385400+00:00,293515.656,-181635.094,14576.48,316.171356,165.44838,0
record,1784830782255,test,250,2026-07-23T19:03:58.291216400+00:00,293515.656,-181635.094,14576.48,345.913971,215.845123,0
record,1784830782255,test,251,2026-07-23T19:04:08.640832500+00:00,293515.656,-181635.094,14576.48,337.429779,178.235977,0
record,1784830782255,test,252,2026-07-23T19:04:18.991182600+00:00,293507.406,-181626.547,14576.48,318.242157,65.915138,0
record,1784830782255,test,253,2026-07-23T19:04:29.342584600+00:00,293479.719,-181836.109,14576.48,332.41925,159.228073,0
record,1784830782255,test,254,2026-07-23T19:04:39.693409700+00:00,293479.719,-181836.109,14576.48,345.234894,17.32239,0
record,1784830782255,test,255,2026-07-23T19:04:50.045343900+00:00,293479.719,-181836.109,14576.48,340.952362,40.535625,0
record,1784830782255,test,256,2026-07-23T19:05:00.396157600+00:00,293483.094,-181565.594,14591.918,339.685852,71.401543,0
record,1784830782255,test,257,2026-07-23T19:05:10.747795+00:00,294245,-180020.344,14634.119,352.146545,98.921623,0
record,1784830782255,test,258,2026-07-23T19:05:21.098857600+00:00,294314.406,-180211.734,14593.118,353.655701,82.955284,0
record,1784830782255,test,259,2026-07-23T19:05:31.452105200+00:00,294140.812,-179931.156,14607.417,18.499729,76.699928,0
record,1784830782255,test,260,2026-07-23T19:05:41.804237100+00:00,294281.312,-179920.484,14641.567,18.659191,68.535873,0
record,1784830782255,test,261,2026-07-23T19:05:52.155887400+00:00,293955.062,-179977.109,14624.305,344.380188,271.897583,0
record,1784830782255,test,262,2026-07-23T19:06:02.505642200+00:00,298383.969,-183927.422,14324.628,345.804718,240.714722,0
record,1784830782255,test,263,2026-07-23T19:06:12.857001100+00:00,297462.75,-185486.266,14425.166,324.336365,18.257923,0
record,1784830782255,test,264,2026-07-23T19:06:23.209223400+00:00,298564.938,-178418.031,14439.628,346.673828,100.871445,0
record,1784830782255,test,265,2026-07-23T19:06:33.560290400+00:00,298540.344,-169042.5,14285.955,344.01474,101.757874,0
record,1784830782255,test,266,2026-07-23T19:06:43.910952300+00:00,297916.594,-165632.594,14409.826,344.546478,84.207001,0
record,1784830782255,test,267,2026-07-23T19:06:54.260793100+00:00,298256.344,-163762.906,14515.771,350.028381,73.215317,0
record,1784830782255,test,268,2026-07-23T19:07:04.611970300+00:00,300016.938,-158286.25,15873.062,337.087341,223.90506,0
record,1784830782255,test,269,2026-07-23T19:07:14.963518700+00:00,293422.219,-158180.359,15694.736,332.832825,257.056854,0
record,1784830782255,test,270,2026-07-23T19:07:25.316418600+00:00,294428.5,-164563.172,14499.571,345.065033,21.686338,0
record,1784830782255,test,271,2026-07-23T19:07:35.669069400+00:00,292292.719,-163718.594,14632.942,350.737854,175.389801,0
record,1784830782255,test,272,2026-07-23T19:07:46.021089600+00:00,280467.812,-163421.406,15717.631,351.801605,142.769897,0
record,1784830782255,test,273,2026-07-23T19:07:56.375384200+00:00,277325.125,-163891.359,15868.439,343.115234,204.464157,0
record,1784830782255,test,274,2026-07-23T19:08:06.726993900+00:00,277187.688,-163775.219,15906.396,342.48233,353.308655,0
record,1784830782255,test,275,2026-07-23T19:08:17.077608800+00:00,276753.781,-163563.562,15980.941,336.942322,179.929932,0
record,1784830782255,test,276,2026-07-23T19:08:27.429461400+00:00,277535.281,-163292.094,15855.251,312.566193,330.673798,0
record,1784830782255,test,277,2026-07-23T19:08:37.780579900+00:00,277535.281,-163292.094,15855.251,312.566193,330.673798,0
record,1784830782255,test,278,2026-07-23T19:08:48.130523900+00:00,277535.281,-163292.094,15855.251,312.566193,330.673798,0
record,1784830782255,test,279,2026-07-23T19:08:58.482199200+00:00,277535.281,-163292.094,15855.251,312.566193,330.673798,0
record,1784830782255,test,280,2026-07-23T19:09:08.835547100+00:00,277535.281,-163292.094,15855.251,312.566193,330.673798,0
record,1784830782255,test,281,2026-07-23T19:09:19.186533500+00:00,277535.281,-163292.094,15855.251,312.566193,330.673798,0
record,1784830782255,test,282,2026-07-23T19:09:29.541089500+00:00,277535.281,-163292.094,15855.251,312.566193,330.673798,0
record,1784830782255,test,283,2026-07-23T19:09:39.894611500+00:00,277372.219,-163732.688,15879.395,330.452515,246.622894,0
record,1784830782255,test,284,2026-07-23T19:09:50.246170400+00:00,279066.844,-162170.578,15873.584,354.576935,336.120911,0
record,1784830782255,test,285,2026-07-23T19:10:00.596865900+00:00,288741.875,-162900.75,14867.415,16.559772,62.811897,0
record,1784830782255,test,286,2026-07-23T19:10:10.948399100+00:00,292354.906,-162446.359,14577.171,344.930878,11.485288,0
record,1784830782255,test,287,2026-07-23T19:10:21.299263400+00:00,296500.219,-161849.625,14440.113,352.471222,237.718506,0
record,1784830782255,test,288,2026-07-23T19:10:31.651347400+00:00,296323.844,-162569.422,14407.485,342.713074,222.658997,0
record,1784830782255,test,289,2026-07-23T19:10:42.003041700+00:00,296250.5,-162908.672,14402.369,347.277893,115.903809,0
record,1784830782255,test,290,2026-07-23T19:10:52.354933200+00:00,295778.25,-162456.547,14372.369,311.248138,114.707329,0
record,1784830782255,test,291,2026-07-23T19:11:02.705498700+00:00,295778.25,-162456.547,14372.369,311.248138,114.707329,0
record,1784830782255,test,292,2026-07-23T19:11:13.057633500+00:00,295778.25,-162456.547,14372.369,311.248138,114.707329,0
record,1784830782255,test,293,2026-07-23T19:11:23.410897900+00:00,296541.031,-162627.141,14395.497,348.128906,268.616821,0
record,1784830782255,test,294,2026-07-23T19:11:33.764161900+00:00,294219.688,-167634.109,14303.735,345.437805,262.602386,0
record,1784830782255,test,295,2026-07-23T19:11:44.115998800+00:00,293061.688,-173785.938,14371.17,312.671295,306.448578,0
record,1784830782255,test,296,2026-07-23T19:11:54.467257800+00:00,294076.219,-175321.266,14336.143,336.256256,334.14917,0
record,1784830782255,test,297,2026-07-23T19:12:04.818024100+00:00,293270.25,-175504.375,14372.98,358.443085,139.046066,0
record,1784830782255,test,298,2026-07-23T19:12:15.169070+00:00,291311.781,-177557.812,14338.215,16.705351,41.074608,0
record,1784830782255,test,299,2026-07-23T19:12:25.520084700+00:00,292215.906,-177622.328,14336.037,351.504913,343.245789,0
record,1784830782255,test,300,2026-07-23T19:12:35.870688700+00:00,293867.406,-178642.125,14337.683,33.914639,42.865295,0
record,1784830782255,test,301,2026-07-23T19:12:46.222539100+00:00,294337.406,-180583.766,14576.482,341.679291,67.399765,0
record,1784830782255,test,302,2026-07-23T19:12:56.575537400+00:00,293951.656,-178120.812,14349.692,295.300415,36.692081,0
record,1784830782255,test,303,2026-07-23T19:13:06.928494600+00:00,293234.125,-178083.906,14336.755,343.050598,143.827805,0
record,1784830782255,test,304,2026-07-23T19:13:17.281327+00:00,294638.219,-179334.109,14349.077,335.294159,72.915268,0
record,1784830782255,test,305,2026-07-23T19:13:27.632807100+00:00,295934.469,-177934.344,15046.584,346.532227,136.759293,0
record,1784830782255,test,306,2026-07-23T19:13:37.985318400+00:00,296001.25,-177975.844,15036.217,7.265259,152.636414,0
record,1784830782255,test,307,2026-07-23T19:13:48.337045100+00:00,295502.531,-177600.422,14996.459,16.25691,131.970856,0
record,1784830782255,test,308,2026-07-23T19:13:58.688086400+00:00,295502.531,-177600.422,14996.459,340.958557,339.381836,0
record,1784830782255,test,309,2026-07-23T19:14:09.041110200+00:00,295851.219,-177618.594,15147.602,328.136688,328.934814,0
record,1784830782255,test,310,2026-07-23T19:14:19.393606200+00:00,294986.906,-177472.359,15540.474,328.452606,124.268837,0
record,1784830782255,test,311,2026-07-23T19:14:29.746064300+00:00,292391,-176126.391,15577.104,336.840973,70.134956,0
record,1784830782255,test,312,2026-07-23T19:14:40.098136500+00:00,292287.312,-174765.031,15212.938,334.150269,49.082626,0
record,1784830782255,test,313,2026-07-23T19:14:50.449799300+00:00,293503.438,-177056.812,15477.898,323.544556,290.841797,0
record,1784830782255,test,314,2026-07-23T19:15:00.802340+00:00,295623.125,-177850.719,15032.884,330.9841,134.770233,0
record,1784830782255,test,315,2026-07-23T19:15:11.153943900+00:00,294068.438,-178645.125,14308.389,323.385712,136.1409,0
record,1784830782255,test,316,2026-07-23T19:15:21.505614600+00:00,293652.344,-177742.062,14314.386,330.666656,340.860718,0
record,1784830782255,test,317,2026-07-23T19:15:31.858320300+00:00,292939.969,-177795.031,14310.558,329.875061,185.368195,0
record,1784830782255,test,318,2026-07-23T19:15:42.209059700+00:00,292010.406,-178152.703,14336.351,354.384491,225.719086,0
record,1784830782255,test,319,2026-07-23T19:15:52.565560600+00:00,292982.625,-182151.875,14336.15,334.914764,354.882233,0
record,1784830782255,test,320,2026-07-23T19:16:02.918648500+00:00,293481.438,-183929.312,14673.391,345.836639,164.462143,0
record,1784830782255,test,321,2026-07-23T19:16:13.269136800+00:00,289061.344,-183497.547,14695.964,339.979889,66.957359,0
record,1784830782255,test,322,2026-07-23T19:16:23.622751+00:00,293409.5,-180619.875,14341.436,342.195343,288.614227,0
record,1784830782255,test,323,2026-07-23T19:16:33.974948200+00:00,294485.969,-178525.094,14336.639,330.956543,120.300331,0
record,1784830782255,test,324,2026-07-23T19:16:44.325048500+00:00,293886.531,-179810.828,14343.559,12.427303,308.820496,0
record,1784830782255,test,325,2026-07-23T19:16:54.679167800+00:00,294791.719,-179447.406,14318.07,350.108673,108.269974,0
record,1784830782255,test,326,2026-07-23T19:17:05.031187300+00:00,298600.594,-182855.422,14334.211,340.92807,345.59729,0
record,1784830782255,test,327,2026-07-23T19:17:15.385607400+00:00,295656.781,-185207.391,14341.854,314.493469,183.826828,0
record,1784830782255,test,328,2026-07-23T19:17:25.738105300+00:00,296549.188,-184648.516,14332.116,353.432007,227.726532,0
record,1784830782255,test,329,2026-07-23T19:17:36.090376200+00:00,297173.5,-181408.25,14345.782,347.504303,155.004135,0
record,1784830782255,test,330,2026-07-23T19:17:46.440825900+00:00,291505.969,-176824.766,14345.04,350.036957,79.342522,0
record,1784830782255,test,331,2026-07-23T19:17:56.792716800+00:00,291437.406,-174917.578,14336.515,349.720459,146.920639,0
record,1784830782255,test,332,2026-07-23T19:18:07.145889700+00:00,293313.312,-169193.984,14324.981,283.714233,107.665184,0
record,1784830782255,test,333,2026-07-23T19:18:17.497055100+00:00,294941.25,-167235.891,14310.413,345.237061,114.637215,0
record,1784830782255,test,334,2026-07-23T19:18:27.846755600+00:00,289924.594,-163653.828,14683.574,347.294861,147.561172,0
record,1784830782255,test,335,2026-07-23T19:18:38.198066300+00:00,288858.031,-162917.359,14851.504,351.030487,216.869812,357.396271
record,1784830782255,test,336,2026-07-23T19:18:48.549947200+00:00,282685.781,-163552.453,15534.579,356.880951,158.189896,357.396271
record,1784830782255,test,337,2026-07-23T19:18:58.900885400+00:00,255625.047,-155263.141,18705.928,356.880951,158.189896,357.396271
record,1784830782255,test,338,2026-07-23T19:19:09.252853800+00:00,229855.375,-138631.594,22317.652,356.880951,158.189896,357.396271
record,1784830782255,test,339,2026-07-23T19:19:19.606301100+00:00,206803.562,-119961.766,24500.365,351.030548,133.370483,357.396271
record,1784830782255,test,340,2026-07-23T19:19:29.958178400+00:00,196866.969,-94559.367,27195.203,351.916931,100.573296,357.396271
record,1784830782255,test,341,2026-07-23T19:19:40.309762700+00:00,183686.344,-73358.039,30474.713,351.562317,144.361969,357.396271
record,1784830782255,test,342,2026-07-23T19:19:50.662661700+00:00,162199.828,-55963.852,32815.359,351.562317,144.361969,357.396271
record,1784830782255,test,343,2026-07-23T19:20:01.016385500+00:00,149736,-48633.469,34153.684,356.171692,171.30896,357.396271
record,1784830782255,test,344,2026-07-23T19:20:11.369471200+00:00,149736,-48633.469,34153.684,356.171692,171.30896,357.396271
record,1784830782255,test,345,2026-07-23T19:20:21.720912800+00:00,149766.609,-48695.176,34150.051,327.838318,228.133789,0
record,1784830782255,test,346,2026-07-23T19:20:32.072393900+00:00,146422.141,-48045.449,34626.766,340.770081,91.297173,0
record,1784830782255,test,347,2026-07-23T19:20:42.424590700+00:00,146468.234,-47699.914,34508.758,341.833649,278.447296,0
record,1784830782255,test,348,2026-07-23T19:20:52.775173400+00:00,146603.625,-48625.055,34508.043,341.358948,284.778961,0
record,1784830782255,test,349,2026-07-23T19:21:03.126962100+00:00,145505.875,-46186.516,34958.102,334.394318,275.439972,0
record,1784830782255,test,350,2026-07-23T19:21:13.479385300+00:00,145721.5,-47388.469,34958.102,340.725922,270.691406,0
record,1784830782255,test,351,2026-07-23T19:21:23.832984800+00:00,145721.5,-47388.469,34958.102,340.725922,270.691406,0
record,1784830782255,test,352,2026-07-23T19:21:34.184581100+00:00,145721.5,-47388.469,34958.102,340.725922,270.691406,0
record,1784830782255,test,353,2026-07-23T19:21:44.535861+00:00,145721.5,-47388.469,34958.102,340.725922,270.691406,0
record,1784830782255,test,354,2026-07-23T19:21:54.889084400+00:00,145721.5,-47388.469,34958.102,340.725922,270.691406,0
record,1784830782255,test,355,2026-07-23T19:22:05.243348900+00:00,145710.812,-47171.855,34958.102,333.444397,97.208244,0
record,1784830782255,test,356,2026-07-23T19:22:15.596815600+00:00,145568.219,-45966.066,34958.102,347.690155,267.263153,0
record,1784830782255,test,357,2026-07-23T19:22:25.947660800+00:00,146336.047,-48566.016,34520.523,345.948944,310.159668,0
record,1784830782255,test,358,2026-07-23T19:22:36.298234400+00:00,147042.938,-50531.93,34414.156,341.833466,288.632843,0
record,1784830782255,test,359,2026-07-23T19:22:46.650694400+00:00,147042.938,-50531.93,34414.156,339.459198,252.701263,0
record,1784830782255,test,360,2026-07-23T19:22:57.001923+00:00,147042.938,-50531.93,34414.156,339.459198,252.701263,0
record,1784830782255,test,361,2026-07-23T19:23:07.354933700+00:00,147042.938,-50531.93,34414.156,349.747833,265.839203,0
record,1784830782255,test,362,2026-07-23T19:23:17.707669900+00:00,147042.938,-50531.93,34414.156,349.747833,265.839203,0
record,1784830782255,test,363,2026-07-23T19:23:28.058965800+00:00,147042.938,-50531.93,34414.156,348.164948,261.24881,0
record,1784830782255,test,364,2026-07-23T19:23:38.410279100+00:00,146584.656,-50086.328,34455.098,347.848419,331.157562,0
record,1784830782255,test,365,2026-07-23T19:23:48.762349400+00:00,147207.219,-50646.402,34402.586,356.554016,220.673279,0
record,1784830782255,test,366,2026-07-23T19:23:59.115503500+00:00,147127.984,-50758.133,34402.32,-10.727173,-84.401001,0
record,1784830782255,test,367,2026-07-23T19:24:09.467304300+00:00,147475.391,-50618.074,34386.641,350.69751,14.686977,0
record,1784830782255,test,368,2026-07-23T19:24:19.818484700+00:00,148601.031,-50175.906,34293.559,350.287933,354.37442,0
record,1784830782255,test,369,2026-07-23T19:24:30.172777500+00:00,148343.547,-48335.973,34356.086,358.397003,88.47506,0
record,1784830782255,test,370,2026-07-23T19:24:40.526388900+00:00,147767.359,-47403.645,34734.727,342.56778,76.920151,0
record,1784830782255,test,371,2026-07-23T19:24:50.879570200+00:00,147581.328,-46539.586,34840.484,344.308929,108.735931,0
record,1784830782255,test,372,2026-07-23T19:25:01.230960600+00:00,147366.25,-49880.992,34411.125,343.201294,255.626648,0
record,1784830782255,test,373,2026-07-23T19:25:11.586047500+00:00,147910.047,-51112.262,34352.805,346.050079,84.938339,0
record,1784830782255,test,374,2026-07-23T19:25:21.940373900+00:00,147094.844,-50646.273,34408.586,330.379761,161.707947,0
record,1784830782255,test,375,2026-07-23T19:25:32.292836600+00:00,146984,-50636.195,34414.738,342.725677,203.179031,0
record,1784830782255,test,376,2026-07-23T19:25:42.647913500+00:00,147082.266,-50956.16,34396.02,328.1633,319.836792,0
record,1784830782255,test,377,2026-07-23T19:25:53.001888800+00:00,147051.25,-50857.035,34401.289,350.482178,108.364532,0
record,1784830782255,test,378,2026-07-23T19:26:03.354303600+00:00,146976.516,-51028.145,34441.262,340.984711,166.772873,0
record,1784830782255,test,379,2026-07-23T19:26:13.708110200+00:00,146829.344,-50940.098,34410.91,334.494843,297.993256,0
record,1784830782255,test,380,2026-07-23T19:26:24.059838800+00:00,146829.344,-50940.098,34410.91,334.494843,297.993256,0
record,1784830782255,test,381,2026-07-23T19:26:34.410695300+00:00,146829.344,-50940.098,34410.91,334.494843,297.993256,0
record,1784830782255,test,382,2026-07-23T19:26:44.762740800+00:00,146829.344,-50940.098,34410.91,334.494843,297.993256,0
record,1784830782255,test,383,2026-07-23T19:26:55.115187400+00:00,146829.344,-50940.098,34410.91,334.494843,297.993256,0
record,1784830782255,test,384,2026-07-23T19:27:05.467286500+00:00,146829.344,-50940.098,34410.91,334.494843,297.993256,0
record,1784830782255,test,385,2026-07-23T19:27:15.818888400+00:00,146829.344,-50940.098,34410.91,334.494843,297.993256,0
record,1784830782255,test,386,2026-07-23T19:27:26.172888500+00:00,146829.344,-50940.098,34410.91,334.494843,297.993256,0
record,1784830782255,test,387,2026-07-23T19:27:36.525209200+00:00,146829.344,-50940.098,34410.91,334.494843,297.993256,0
record,1784830782255,test,388,2026-07-23T19:27:46.875530+00:00,146829.344,-50940.098,34410.91,334.494843,297.993256,0
record,1784830782255,test,389,2026-07-23T19:27:57.227541100+00:00,146829.344,-50940.098,34410.91,334.494843,297.993256,0
record,1784830782255,test,390,2026-07-23T19:28:07.577897800+00:00,146829.344,-50940.098,34410.91,334.494843,297.993256,0
record,1784830782255,test,391,2026-07-23T19:28:17.928210100+00:00,146829.344,-50940.098,34410.91,334.494843,297.993256,0
record,1784830782255,test,392,2026-07-23T19:28:28.280628+00:00,146829.344,-50940.098,34410.91,334.494843,297.993256,0
record,1784830782255,test,393,2026-07-23T19:28:38.632743600+00:00,146829.344,-50940.098,34410.91,334.494843,297.993256,0
record,1784830782255,test,394,2026-07-23T19:28:48.984209800+00:00,146829.344,-50940.098,34410.91,334.494843,297.993256,0
record,1784830782255,test,395,2026-07-23T19:28:59.338449600+00:00,146829.344,-50940.098,34410.91,334.494843,297.993256,0
record,1784830782255,test,396,2026-07-23T19:29:09.692353+00:00,146829.344,-50940.098,34410.91,334.494843,297.993256,0
record,1784830782255,test,397,2026-07-23T19:29:30.393062700+00:00,146829.344,-50940.098,34410.91,-25.505157,-62.006836,0
record,1784830782255,test,398,2026-07-23T19:29:40.745595600+00:00,146829.344,-50940.098,34410.91,-25.505157,-62.006836,0
record,1784830782255,test,399,2026-07-23T19:29:51.097180600+00:00,146829.344,-50940.098,34410.91,-25.505157,-62.006836,0
record,1784830782255,test,400,2026-07-23T19:30:01.487716200+00:00,146829.344,-50940.098,34410.91,-25.505157,-62.006836,0
record,1784830782255,test,401,2026-07-23T19:30:11.838854700+00:00,146829.344,-50940.098,34410.91,-25.505157,-62.006836,0
record,1784830782255,test,402,2026-07-23T19:30:22.189895600+00:00,146829.344,-50940.098,34410.91,-25.505157,-62.006836,0
record,1784830782255,test,403,2026-07-23T19:30:32.544623200+00:00,146829.344,-50940.098,34410.91,-25.505157,-62.006836,0
record,1784830782255,test,404,2026-07-23T19:30:42.897828800+00:00,146829.344,-50940.098,34410.91,-25.505157,-62.006836,0
record,1784830782255,test,405,2026-07-23T19:30:53.249177700+00:00,146829.344,-50940.098,34410.91,-25.505157,-62.006836,0
record,1784830782255,test,406,2026-07-23T19:31:03.602592200+00:00,146829.344,-50940.098,34410.91,-25.505157,-62.006836,0
record,1784830782255,test,407,2026-07-23T19:31:13.955506800+00:00,146829.344,-50940.098,34410.91,-25.505157,-62.006836,0
record,1784830782255,test,408,2026-07-23T19:31:24.311237400+00:00,146829.344,-50940.098,34410.91,-25.505157,-62.006836,0
record,1784830782255,test,409,2026-07-23T19:31:34.663155400+00:00,146829.344,-50940.098,34410.91,-25.505157,-62.006836,0
record,1784830782255,test,410,2026-07-23T19:31:45.014966300+00:00,146829.344,-50940.098,34410.91,-25.505157,-62.006836,0
record,1784830782255,test,411,2026-07-23T19:31:55.369668300+00:00,146829.344,-50940.098,34410.91,-25.505157,-62.006836,0
record,1784830782255,test,412,2026-07-23T19:32:05.720831700+00:00,146671.719,-51736.777,34403.059,338.768555,294.237823,0
record,1784830782255,test,413,2026-07-23T19:32:16.075441700+00:00,147566.719,-47534.812,34481.898,352.222961,15.439813,0
record,1784830782255,test,414,2026-07-23T19:32:26.427692900+00:00,147751.078,-47275.477,34841.199,340.98407,88.252014,0
record,1784830782255,test,415,2026-07-23T19:32:36.782584700+00:00,147474.344,-47590.406,34468,-19.649139,-153.713867,0
record,1784830782255,test,416,2026-07-23T19:32:47.135457+00:00,147474.344,-47590.406,34468,-19.649139,-153.713867,0
record,1784830782255,test,417,2026-07-23T19:32:57.488100+00:00,147474.344,-47590.406,34468,-19.649139,-153.713867,0
record,1784830782255,test,418,2026-07-23T19:33:07.840165200+00:00,147474.344,-47590.406,34468,-19.649139,-153.713867,0
record,1784830782255,test,419,2026-07-23T19:33:18.191581600+00:00,147474.344,-47590.406,34468,-19.649139,-153.713867,0
record,1784830782255,test,420,2026-07-23T19:33:28.543523800+00:00,147474.344,-47590.406,34468,-19.649139,-153.713867,0
record,1784830782255,test,421,2026-07-23T19:33:38.894766500+00:00,147474.344,-47590.406,34468,-19.649139,-153.713867,0
record,1784830782255,test,422,2026-07-23T19:33:49.246173300+00:00,147474.344,-47590.406,34468,-19.649139,-153.713867,0
record,1784830782255,test,423,2026-07-23T19:33:59.598446600+00:00,147474.344,-47590.406,34468,-19.649139,-153.713867,0
record,1784830782255,test,424,2026-07-23T19:34:09.950767700+00:00,147474.344,-47590.406,34468,-19.649139,-153.713867,0
record,1784830782255,test,425,2026-07-23T19:34:20.303328300+00:00,147474.344,-47590.406,34468,-19.649139,-153.713867,0
record,1784830782255,test,426,2026-07-23T19:34:30.658982200+00:00,147474.344,-47590.406,34468,-19.649139,-153.713867,0
record,1784830782255,test,427,2026-07-23T19:34:41.011799900+00:00,147474.344,-47590.406,34468,-19.649139,-153.713867,0
record,1784830782255,test,428,2026-07-23T19:34:51.365215200+00:00,147474.344,-47590.406,34468,-19.649139,-153.713867,0
record,1784830782255,test,429,2026-07-23T19:35:01.720131+00:00,146768.25,-47658.496,34484.633,-15.850281,-171.944656,0
record,1784830782255,test,430,2026-07-23T19:35:12.071888600+00:00,146768.25,-47658.496,34484.633,-15.850281,-171.944656,0
record,1784830782255,test,431,2026-07-23T19:35:22.424147500+00:00,146768.25,-47658.496,34484.633,-15.850281,-171.944656,0
record,1784830782255,test,432,2026-07-23T19:35:32.774549400+00:00,146768.25,-47658.496,34484.633,-15.850281,-171.944656,0
record,1784830782255,test,433,2026-07-23T19:35:43.125412700+00:00,146768.25,-47658.496,34484.633,-15.850281,-171.944656,0
record,1784830782255,test,434,2026-07-23T19:35:53.478234500+00:00,146768.25,-47658.496,34484.633,-15.850281,-171.944656,0
record,1784830782255,test,435,2026-07-23T19:36:03.829583200+00:00,146768.25,-47658.496,34484.633,-15.850281,-171.944656,0
record,1784830782255,test,436,2026-07-23T19:36:14.183739200+00:00,146768.25,-47658.496,34484.633,-15.850281,-171.944656,0
record,1784830782255,test,437,2026-07-23T19:36:24.540510300+00:00,146768.25,-47658.496,34484.633,-15.850281,-171.944656,0
record,1784830782255,test,438,2026-07-23T19:36:34.892741200+00:00,147382.828,-48415.086,34452.582,331.011597,223.826187,0
record,1784830782255,test,439,2026-07-23T19:36:45.244462400+00:00,148316.859,-49003.715,34337.121,340.350372,7.96981,0
record,1784830782255,test,440,2026-07-23T19:36:55.598466400+00:00,147009.297,-48407.852,34578.215,4.704361,112.770332,357.151276
record,1784830782255,test,441,2026-07-23T19:37:05.951610700+00:00,150003.328,-48691.957,34216.168,349.255005,322.532898,357.151276
record,1784830782255,test,442,2026-07-23T19:37:16.306614200+00:00,150719.859,-48680.262,34119.742,356.523499,326.787689,357.151276
record,1784830782255,test,443,2026-07-23T19:37:26.662619100+00:00,150719.859,-48680.262,34119.742,356.523499,326.787689,357.151276
record,1784830782255,test,444,2026-07-23T19:37:37.015528100+00:00,192500.375,-85121.844,28835.59,355.637146,299.486603,357.151276
record,1784830782255,test,445,2026-07-23T19:37:47.371061900+00:00,201391.75,-114802.711,25571.266,355.814453,297.713715,357.151276
record,1784830782255,test,446,2026-07-23T19:37:57.726234200+00:00,224092.641,-134214.312,23304.273,343.759338,311.718903,357.151276
record,1784830782255,test,447,2026-07-23T19:38:08.079463400+00:00,255068.094,-156018.547,18752.348,352.268616,342.74295,357.151276
record,1784830782255,test,448,2026-07-23T19:38:18.432324400+00:00,276266.688,-160041.219,16250.748,349.254974,320.405579,357.151276
record,1784830782255,test,449,2026-07-23T19:38:28.784766400+00:00,279129.062,-162956.406,15813.316,358.119171,210.136459,357.151276
record,1784830782255,test,450,2026-07-23T19:38:39.137227700+00:00,276710.156,-163526.672,15980.941,325.547089,351.628632,0
record,1784830782255,test,451,2026-07-23T19:38:49.491512100+00:00,278976.188,-163224.703,15750.673,345.8078,61.591766,0
record,1784830782255,test,452,2026-07-23T19:38:59.843793600+00:00,282169.781,-165454.5,15359.853,344.541473,280.557861,0
record,1784830782255,test,453,2026-07-23T19:39:10.195327700+00:00,283964.312,-166266.25,15173.674,344.383759,40.540001,0
record,1784830782255,test,454,2026-07-23T19:39:20.548436300+00:00,287934.625,-164074.25,14863.845,352.772766,185.427048,0
record,1784830782255,test,455,2026-07-23T19:39:30.901023900+00:00,288469.125,-167595,15039.567,313.358429,351.945679,0
record,1784830782255,test,456,2026-07-23T19:39:41.254745800+00:00,288453.125,-167536.453,15039.567,330.769897,101.164024,0
record,1784830782255,test,457,2026-07-23T19:39:51.608933+00:00,288398.906,-165338.906,14851.266,346.440277,97.048447,0
record,1784830782255,test,458,2026-07-23T19:40:01.960682700+00:00,288805.125,-163987.953,14774.519,332.194244,62.225201,0
record,1784830782255,test,459,2026-07-23T19:40:12.313266300+00:00,292339.125,-163879.453,14529.232,346.554626,322.820679,0
record,1784830782255,test,460,2026-07-23T19:40:22.665399700+00:00,295894.031,-165374.75,14330.162,343.705414,13.947495,0
record,1784830782255,test,461,2026-07-23T19:40:33.017568100+00:00,295552.656,-166500.062,14312.146,345.129822,230.064148,0
record,1784830782255,test,462,2026-07-23T19:40:43.371751400+00:00,292845.469,-172509.797,14345.857,337.21524,320.921112,0
record,1784830782255,test,463,2026-07-23T19:40:53.723821100+00:00,292946.219,-171966.188,14347.118,340.85553,181.415421,0
record,1784830782255,test,464,2026-07-23T19:41:04.075630900+00:00,293280.312,-172841.625,14345.519,335.315765,224.469803,0
record,1784830782255,test,465,2026-07-23T19:41:14.427840+00:00,290482.875,-175857.109,14335.883,341.963776,201.993088,0
record,1784830782255,test,466,2026-07-23T19:41:24.781327700+00:00,290663.594,-177164.406,14338.087,346.553711,336.220764,0
record,1784830782255,test,467,2026-07-23T19:41:35.133091700+00:00,293867.656,-179541.469,14343.559,315.845551,211.807449,0
record,1784830782255,test,468,2026-07-23T19:41:45.485269800+00:00,294304.688,-179278.625,14347.937,340.854828,35.000443,0
record,1784830782255,test,469,2026-07-23T19:41:55.837636100+00:00,298157.688,-181116.578,14350.01,346.553131,354.637268,0
record,1784830782255,test,470,2026-07-23T19:42:06.191965900+00:00,299210.938,-182895.391,14340.11,342.278595,197.299652,0
record,1784830782255,test,471,2026-07-23T19:42:16.547956700+00:00,300133.344,-185999.984,14332.126,342.911743,0.494333,0
record,1784830782255,test,472,2026-07-23T19:42:26.901860600+00:00,303336.062,-186085.953,14324.048,340.853333,209.645905,0
record,1784830782255,test,473,2026-07-23T19:42:37.256123200+00:00,298163.875,-185691.203,14346.252,303.972534,193.50087,0
record,1784830782255,test,474,2026-07-23T19:42:47.611593+00:00,298605.375,-186064.109,14335.776,344.335846,323.929718,0
record,1784830782255,test,475,2026-07-23T19:42:57.965459600+00:00,298455.375,-185791.062,14333.694,345.760376,19.013731,0
record,1784830782255,test,476,2026-07-23T19:43:08.322432600+00:00,298455.375,-185791.062,14333.694,336.579315,66.341713,0
record,1784830782255,test,477,2026-07-23T19:43:18.676310+00:00,297767.875,-187083.594,14353.038,297.324219,60.168541,0
record,1784830782255,test,478,2026-07-23T19:43:29.027757900+00:00,293683.031,-188182.516,14631.302,351.616882,159.414841,0
record,1784830782255,test,479,2026-07-23T19:43:39.381143200+00:00,287136.875,-185288.25,14906.08,351.774841,216.714828,0
record,1784830782255,test,480,2026-07-23T19:43:49.735967200+00:00,283134.844,-186443.969,15064.144,338.319916,39.537064,0
record,1784830782255,test,481,2026-07-23T19:44:00.088510500+00:00,284502.188,-184480.203,15061.83,309.827972,252.433914,0
record,1784830782255,test,482,2026-07-23T19:44:10.442374800+00:00,285342.312,-184397.125,15011.082,344.334595,169.016113,0
record,1784830782255,test,483,2026-07-23T19:44:20.797278900+00:00,285063.781,-183989.094,15031.145,339.426849,80.795944,0
record,1784830782255,test,484,2026-07-23T19:44:31.149560100+00:00,283705,-178886.328,15054.455,331.828461,190.172607,0
record,1784830782255,test,485,2026-07-23T19:44:41.502869800+00:00,284617.844,-176629.703,15127.942,348.289856,109.445869,0
record,1784830782255,test,486,2026-07-23T19:44:51.858020200+00:00,284288.469,-175885.906,15161.739,350.030548,16.530966,0
record,1784830782255,test,487,2026-07-23T19:45:02.214807500+00:00,286542.406,-174935.484,15166.979,329.770172,187.851776,0
record,1784830782255,test,488,2026-07-23T19:45:12.568877+00:00,286756,-175001.594,15166.979,342.11676,305.142914,0
record,1784830782255,test,489,2026-07-23T19:45:22.922859900+00:00,286836.281,-175455.594,15166.979,328.3461,24.060688,0
record,1784830782255,test,490,2026-07-23T19:45:33.276191500+00:00,286400.25,-175013.438,15595.979,336.26062,57.088657,0
record,1784830782255,test,491,2026-07-23T19:45:43.631405800+00:00,286849.969,-175058.609,15595.979,326.288452,56.613758,0
record,1784830782255,test,492,2026-07-23T19:45:53.984038700+00:00,286932.469,-175118.344,15595.979,348.765381,345.067871,0
record,1784830782255,test,493,2026-07-23T19:46:04.335811500+00:00,286660.812,-175222.109,15595.979,339.58429,274.155182,0
record,1784830782255,test,494,2026-07-23T19:46:14.690306+00:00,286550.469,-175227.797,15572.898,329.295654,184.722672,0
record,1784830782255,test,495,2026-07-23T19:46:25.043909600+00:00,286242.75,-175079.859,15595.729,309.03479,85.318192,0
record,1784830782255,test,496,2026-07-23T19:46:35.397943300+00:00,286872.125,-175088.656,15595.729,351.13913,19.312494,0
record,1784830782255,test,497,2026-07-23T19:46:45.753981200+00:00,286503.875,-175263.891,15435.413,314.890503,195.439713,0
record,1784830782255,test,498,2026-07-23T19:46:56.111093900+00:00,287793.219,-170631.141,15175.573,340.058197,313.259857,0
record,1784830782255,test,499,2026-07-23T19:47:06.466708600+00:00,287347.438,-168544.047,15165.932,328.819031,111.230797,0
record,1784830782255,test,500,2026-07-23T19:47:16.822719900+00:00,285499.625,-173987.969,15162.265,341.323608,254.164505,0
record,1784830782255,test,501,2026-07-23T19:47:27.175476300+00:00,286051.438,-168935.891,15170.055,346.230286,156.18457,0
record,1784830782255,test,502,2026-07-23T19:47:37.530102100+00:00,282287.688,-167182.047,15183.574,327.235168,60.262657,0
record,1784830782255,test,503,2026-07-23T19:47:47.883742800+00:00,283601.688,-168452.875,15168.024,344.646759,336.158112,0
record,1784830782255,test,504,2026-07-23T19:47:58.237545500+00:00,288318.562,-171261.828,15005.143,343.538727,292.629181,0
record,1784830782255,test,505,2026-07-23T19:48:08.592555800+00:00,293435.938,-172922.266,14345.914,325.493164,288.672333,0
record,1784830782255,test,506,2026-07-23T19:48:18.944422300+00:00,291682.5,-175036.328,14348.341,347.811981,253.374496,0
record,1784830782255,test,507,2026-07-23T19:48:29.297436300+00:00,291380,-175461.141,14344.816,347.811981,253.374496,0
record,1784830782255,test,508,2026-07-23T19:48:39.649417900+00:00,291380,-175461.141,14344.816,347.811981,253.374496,0
record,1784830782255,test,509,2026-07-23T19:48:50.005166400+00:00,291380,-175461.141,14344.816,-12.188019,-106.62561,0
record,1784830782255,test,510,2026-07-23T19:49:00.358619500+00:00,291800.781,-177072.234,14346.362,349.078217,306.875702,0
record,1784830782255,test,511,2026-07-23T19:49:10.713635300+00:00,293584.688,-178964.891,14348.537,338.789581,42.639618,0
record,1784830782255,test,512,2026-07-23T19:49:21.065481200+00:00,293410.719,-179345.875,14348.746,341.954163,341.278168,0
record,1784830782255,test,513,2026-07-23T19:49:31.419484600+00:00,294279.094,-179875.453,14348.746,319.951324,173.651291,0
record,1784830782255,test,514,2026-07-23T19:49:41.774370800+00:00,292706.688,-179213.875,14371.694,338.787506,173.913666,0
record,1784830782255,test,515,2026-07-23T19:49:52.127289+00:00,292676.562,-179869,14683.931,357.148682,243.876831,0
record,1784830782255,test,516,2026-07-23T19:50:02.481737300+00:00,291835.375,-180105.672,14793.695,336.72937,245.355774,0
record,1784830782255,test,517,2026-07-23T19:50:12.838821600+00:00,292167.5,-180975.125,14792.319,346.977997,329.881836,0
record,1784830782255,test,518,2026-07-23T19:50:23.193845400+00:00,292132.969,-181084.938,14792.319,324.659515,40.003376,0
record,1784830782255,test,519,2026-07-23T19:50:33.547174200+00:00,292133.406,-178613.859,14343.564,338.43042,171.698669,0
record,1784830782255,test,520,2026-07-23T19:50:43.899160600+00:00,289445.5,-183211.172,14607.919,336.372498,314.000214,0
record,1784830782255,test,521,2026-07-23T19:50:54.251222500+00:00,289953.188,-184333.688,14663.25,340.803925,349.931946,0
record,1784830782255,test,522,2026-07-23T19:51:04.604239800+00:00,291960.375,-182570.203,14336.145,348.560059,27.60486,0
record,1784830782255,test,523,2026-07-23T19:51:14.957584200+00:00,289282.938,-179571.672,14339.904,296.641174,77.623871,0
record,1784830782255,test,524,2026-07-23T19:51:25.312270300+00:00,290316.625,-178927.422,14336.005,348.559723,101.963852,0
record,1784830782255,test,525,2026-07-23T19:51:35.666497800+00:00,289499.375,-177652.156,14345.979,327.50647,168.761536,0
record,1784830782255,test,526,2026-07-23T19:51:46.021194900+00:00,289688.375,-176855.062,14344.143,337.794525,55.269077,0
record,1784830782255,test,527,2026-07-23T19:51:56.376322+00:00,290177.75,-175547.406,14342.048,330.98764,160.50148,0
record,1784830782255,test,528,2026-07-23T19:52:06.732223300+00:00,290391.531,-175178.75,14345.194,347.133331,136.704208,0
record,1784830782255,test,529,2026-07-23T19:52:17.085370300+00:00,289896.812,-174947.719,14352.861,325.289581,273.622986,0
record,1784830782255,test,530,2026-07-23T19:52:27.440087500+00:00,290891.812,-173871.406,14345.443,336.369202,160.867889,0
record,1784830782255,test,531,2026-07-23T19:52:37.795586400+00:00,290146.406,-173323.312,14348.199,336.210602,258.531586,0
record,1784830782255,test,532,2026-07-23T19:52:48.150791+00:00,290218.938,-173208.188,14348.199,12.933221,56.873302,0
record,1784830782255,test,533,2026-07-23T19:52:58.504446200+00:00,290301.75,-173203.359,14348.199,343.49176,35.346191,0
record,1784830782255,test,534,2026-07-23T19:53:08.856859700+00:00,289974.688,-173549.453,14384.528,330.512421,248.772049,0
record,1784830782255,test,535,2026-07-23T19:53:19.208388400+00:00,290379.875,-173477.344,14348.199,340.009491,255.578629,0
record,1784830782255,test,536,2026-07-23T19:53:29.562413200+00:00,290318.312,-174023.531,14353.217,314.525208,237.850342,0
record,1784830782255,test,537,2026-07-23T19:53:39.917202600+00:00,290074.812,-174119.531,14348.199,296.797791,61.042976,0
record,1784830782255,test,538,2026-07-23T19:53:50.270709100+00:00,290127.531,-173898.156,14348.199,324.814545,336.517212,0
record,1784830782255,test,539,2026-07-23T19:54:00.624865+00:00,290443,-173379.344,14348.199,316.266968,19.413185,0
record,1784830782255,test,540,2026-07-23T19:54:10.977938600+00:00,290596.031,-173236.469,14348.199,325.289429,195.007919,0
record,1784830782255,test,541,2026-07-23T19:54:21.331010500+00:00,290276.625,-173167.641,14348.199,26.230251,90.063416,0
record,1784830782255,test,542,2026-07-23T19:54:31.687150100+00:00,290729.594,-173305.469,14360.459,322.756592,292.355286,0
record,1784830782255,test,543,2026-07-23T19:54:42.042256400+00:00,291221.75,-174197.859,14430.438,349.617096,214.696228,0
record,1784830782255,test,544,2026-07-23T19:54:52.397504+00:00,291544.344,-172555.938,14432.619,349.617096,214.696228,0
record,1784830782255,test,545,2026-07-23T19:55:02.753076100+00:00,292437.156,-170986.062,14433.716,343.412384,56.737961,0
record,1784830782255,test,546,2026-07-23T19:55:13.105825600+00:00,292593.031,-170886.266,14425.597,359.722443,203.64505,0
record,1784830782255,test,547,2026-07-23T19:55:23.459110300+00:00,292593.031,-170886.266,14425.597,352.98587,132.909515,0
record,1784830782255,test,548,2026-07-23T19:55:33.813854600+00:00,293334.344,-163859.484,14572.83,357.240936,148.332962,0
record,1784830782255,test,549,2026-07-23T19:55:44.167850600+00:00,274116.156,-159995.891,16463.447,5.750478,158.969711,0
record,1784830782255,test,550,2026-07-23T19:55:54.519890500+00:00,246852.188,-153866.406,19516.133,5.750478,158.969711,0
record,1784830782255,test,551,2026-07-23T19:56:04.872849400+00:00,226364.219,-135785.938,23036.104,1.850272,148.155426,0
record,1784830782255,test,552,2026-07-23T19:56:15.226194500+00:00,205855.703,-117737.93,25299.789,359.7229,127.590729,0
record,1784830782255,test,553,2026-07-23T19:56:25.578629400+00:00,197090.656,-94405.492,27208.242,2.027606,113.230904,0
record,1784830782255,test,554,2026-07-23T19:56:35.932317+00:00,190724.969,-85418.352,29144.273,1.141085,161.274338,0
record,1784830782255,test,555,2026-07-23T19:56:46.286280200+00:00,176394.672,-66196.914,30639.402,4.509442,129.009033,0
record,1784830782255,test,556,2026-07-23T19:56:56.641056500+00:00,158376.781,-51026.922,33122.477,4.509442,129.009033,0
record,1784830782255,test,557,2026-07-23T19:57:06.994836+00:00,151769.281,-48789.391,34000.984,358.304626,155.778732,0
record,1784830782255,test,558,2026-07-23T19:57:17.347581400+00:00,150631.844,-49442.523,34136.25,5.750438,145.673798,0
record,1784830782255,test,559,2026-07-23T19:57:27.705673300+00:00,147231.906,-48469.836,34561.258,357.418243,152.58786,0
poi,1784681194780,Crossbike,,,-124702.758,-338150.906,,,,
poi,1784681762148,POI,,,-127163.492,-269015.625,,,,
poi,1784763689605,POI,,,241209.781,-36928.934,,,,
poi,1784835192706,AUTO,,,147474.344,-47590.406,,,,
poi,1784910827121,z,,,149977.2677578185,-165169.71272293245,,,,
poi,1784910834778,gg,,,149656.7858513163,-206578.96692132705,,,,
